NTAName,Population,Weighted Median Income,Below Poverty Line %,EAPop,Bachelor degree,Total,"White, not hispanic","Black or African American, not hispanic","American Indian and Alaska Native, not hispanic","Asain, not hispanic","Native Hawaiian and Other Pacific Islander, not hispanic","Some other race alone, not hispanic","Two or More Races, not hispanic",Hispanic or Latino,NormalizedSD,Total_NYPD_Complaints,avg_compound_score,norm_compound_score
Allerton,3117.4736842105262,62141.29129524581,24.602712372077544,29883,7.867349329049962,62155,14.763092269326684,38.1690933955434,0.1094039095808865,4.709194755047864,0.0080444051162416,0.933150993484032,2.067412114874105,39.24060815702679,2.7001463137144035,0.06197503597363049,-0.3540327666169319,0.583603968062507
Alley Pond Park,4118.636363636364,107518.289372034,7.142857142857142,39,0.0,90,65.55555555555556,3.333333333333333,0.0,6.666666666666667,0.0,0.0,0.0,24.444444444444443,1.62780346505339,0.7692307692307693,-0.3559935147095451,0.578725451355865
Annadale-Huguenot-Prince's Bay-Woodrow,5090.315789473684,126245.52957111545,5.965246154194704,35230,15.509508941243258,53872,72.77249777249777,7.441713691713692,0.2524502524502524,8.438520938520938,0.0,1.020938520938521,1.522126522126522,8.551752301752302,0.2357619393379988,0.02216860630144763,-0.3888801321516499,0.496900604390224
Arden Heights-Rossville,4266.533333333334,123022.83652614144,4.344109172656176,5547,11.934378943573105,30539,75.48708209175153,0.5337437375159632,0.0654900291430629,7.881725007367628,0.088411539343135,0.1604505714005042,0.8873898948885033,14.895707128589672,0.6276495041492768,0.07643771407968271,-0.402048037030985,0.464137678756217
Astoria (Central),3012.8928571428573,99753.77096051491,10.71738165211324,46478,31.552562502689447,129518,48.18944084992047,12.61986750876326,0.1752652141015148,9.288284253926095,0.0069488410877252,0.4138420914467487,2.672987538411649,26.63336370234253,2.01748657255299,0.037071302551744914,-0.325043933327152,0.6557307792745302
Astoria (East)-Woodside (North),2732.766666666667,83329.77316028933,9.849908746697174,35517,22.98336008108793,198924,46.6439444209849,14.63925921457441,0.0980273873439102,8.410749834107497,0.0105567955601134,0.6570348474794394,2.706058595242404,26.83436890470732,1.6333657686813692,0.05391784216009235,-0.3941496807989015,0.4837894958246064
Astoria (North)-Ditmars-Steinway,2623.655172413793,100673.4654469942,9.38556701030928,47234,23.940381928272007,120686,51.68950831082313,8.316623303448619,0.0861740384137348,11.38823061498434,0.071259300995973,0.290008783123146,2.5172762375089075,25.64091941070215,0.7296255168626895,0.03304822797137655,-0.3745065968573386,0.5326632463792562
Auburndale,2970.1388888888887,100111.9514893617,8.499985776462891,33671,16.379079920406284,34209,34.31260779327078,1.2219006694144816,0.0760033909205179,46.54623052413108,0.0350784881171621,0.6898769329708556,1.7568476132012043,15.361454587973924,0.7669428191517693,0.021739776068426836,-0.3740398749306813,0.5338244922961244
Baisley Park,2532.4,86748.13280879798,11.41450414436389,36797,9.6475256135011,107237,16.145546779563023,36.76716058822981,0.0,19.33847459365704,0.0,3.0026949653571062,2.451579212398706,22.29454386079432,0.8871629689920503,0.06351061227817485,-0.4061831978703334,0.4538490285642762
Barren Island-Floyd Bennett Field,518.0,126299.33333333331,0.0,8,50.0,26,61.53846153846154,0.0,0.0,0.0,0.0,0.0,0.0,38.46153846153847,0.7781384740221065,4.5,-0.2847956552812331,0.7558720965606751
Bath Beach,3038.217391304348,78147.40998010847,15.292715626396545,33580,15.658129839189993,87058,26.528291483838363,18.63929793930483,0.6731144754071998,22.181763881550232,0.1941234579246019,1.6058260010567666,2.8705001263525465,27.30708263456546,2.069301501809029,0.03344252531268612,-0.4298490099234262,0.3949663705052355
Bay Ridge,2806.435897435897,95618.53496085004,11.40179251361959,80127,21.03036429667902,315431,50.18878930732871,8.307046549007548,0.1192019807818508,13.286899512096149,0.0247280704813414,1.0252638453417704,2.6994810275464363,24.348589707416203,0.6901399692085177,0.03836409699601882,-0.393884750587686,0.4844486658966713
Bay Terrace-Clearview,4032.153846153846,114641.7081918425,6.371928046617684,21990,20.995907230559347,22112,53.2154486251809,0.949710564399421,0.0678364688856729,29.228473227206948,0.0,0.0,1.4969247467438496,15.041606367583212,1.0819733735823784,0.014142792178262847,-0.4185476833512264,0.4230850822853971
Bayside,3060.3846153846152,107565.61652632902,8.982731901704671,33904,20.49020764511562,34159,36.18958400421558,3.094352879182646,0.2634737550865072,48.142510026640124,0.0,0.1258819052079979,1.2031968148950496,10.981000614772094,0.6041515205467713,0.029200094384143463,-0.3704849363555724,0.5426694975750231
Bedford Park,5560.333333333333,48778.570327018766,24.827003327874912,56239,7.055601984388058,98959,5.71448781818733,13.229721399771622,0.2314089673501146,5.555836255418911,0.0,0.7922472943340172,0.937762103497408,73.53853616144059,1.7325384127736,0.04475541883746155,-0.3321807622067894,0.6379737104022345
Bedford-Stuyvesant (East),3979.933333333333,72255.78268201031,22.237600671323797,86386,15.364758178408538,305889,18.925819496614785,23.507873771204583,0.0650562785847153,6.905446093190667,0.0395568327072892,0.4364328236713318,2.6486732115244416,47.47114149250218,1.0302410676436893,0.07787141434954738,-0.3320306046509773,0.6383473158375361
Bedford-Stuyvesant (West),4208.190476190476,84855.52517200018,26.024424253328537,82014,17.516521569488138,307537,20.95325115351974,17.963041845371453,0.1352682766626454,9.047041494194191,0.022111160608317,0.477015773711781,1.991955439508092,49.41031485642378,1.152592701087248,0.07267051966737387,-0.3206105754649847,0.6667613703425954
Bellerose,3737.2631578947367,112138.0063373141,7.333404948616034,27643,14.524472741742937,27423,22.29515370309594,9.112788535171209,0.4813477737665463,41.35579622944244,0.0,1.2288954527221676,2.567188126754913,22.958830179046785,0.7689226736570816,0.022067069420829866,-0.3704420195361572,0.5427762784620233
Belmont,5178.227272727273,41149.79990519746,39.61060861566764,33728,4.9217267552182165,57305,17.67385044934997,25.132187418200857,0.0,3.9979059418898872,0.0,0.2460518279382252,2.2214466451444026,50.72855771747666,2.5947575790728625,0.07661290322580645,-0.3157474325153308,0.6788613051664791
Bensonhurst,3503.7735849056603,70545.2338341411,16.83060431146189,97786,14.512302374573046,200697,27.19123853371002,22.28184776055447,0.1828627234089199,24.0785861273462,0.0189340149578718,1.717514462099583,1.884931015411292,22.64408536251165,0.8746459433410005,0.026936371259689527,-0.4433630050113731,0.3613423414632597
Borough Park,3635.225,54448.75586105399,34.47631516305641,78757,5.533476389400308,237324,35.77809239689201,25.615192732298457,0.1655963998584214,10.502519762013112,0.0134836763243498,1.256931452360486,1.929008444152298,24.739175136100855,1.0508150653352129,0.018969742372106607,-0.399229510492978,0.4711504249909741
Breezy Point-Belle Harbor-Rockaway Park-Broad Channel,2460.5,124180.761464472,10.123926040305657,21094,18.137859106855032,32516,61.20679050313692,23.05326608438922,0.0,1.8452454176405464,0.0,0.5535736252921639,1.2301636117603645,12.110960757780784,0.6144366702833415,0.001848866976391391,-0.4599100767407928,0.3201717463306701
Brighton Beach,3602.0,73998.34024956895,23.020910526146213,30583,20.81875551777131,35232,60.06755222524978,14.021344232515895,0.1192098092643051,8.353201634877385,0.0,0.3860127157129882,6.179041780199818,10.873637602179835,3.136078844062776,0.03786417290651669,-0.3673303376752547,0.5505184213723526
Bronx Park,3870.8947368421054,44775.65204563068,20.0,15,0.0,13,7.6923076923076925,61.53846153846154,0.0,0.0,0.0,0.0,0.0,30.76923076923077,1.2712698965194087,23.933333333333334,-0.3128147558731088,0.6861580670749355
Brooklyn Heights,3988.947368421053,218063.19581739017,3.980947386820486,23758,26.138563852176112,47060,58.10242243943902,14.793880152996175,0.2358691032724182,8.827029324266894,0.046748831279218,0.1041223969400765,3.918402039949001,13.971525711857202,4.261340181685852,0.03367286808653927,-0.3204161772110974,0.6672450505934672
Brownsville,3402.8076923076924,50151.79694370034,37.17008196721312,47971,5.595047007567072,48131,5.327128046373439,66.53092601441898,0.0124659782676445,1.3068500550580706,0.1101161413641935,0.3282707610479732,2.478652012216659,23.90559099125304,1.3817675327250611,0.12013508161180714,-0.348954643204736,0.5962387935141382
Bushwick (East),3684.39393939394,61634.683850803965,24.34959932450732,59406,12.542504124162544,116013,12.383956970339533,19.501262789514968,0.1620508046512029,4.849456526423763,0.0051718341909958,0.8274934705593339,1.5653418151414065,60.7052657891788,1.5229132989392435,0.059455273878059454,-0.3150102084565396,0.6806955845932453
Bushwick (West),3805.896551724138,63400.13846028395,20.69311445508436,53557,18.729577832963013,94573,20.749050997642037,10.462817083099829,0.0962219661002611,5.9636471297304725,0.0158607636429001,0.410265086229685,1.6283717340044197,60.673765239550406,1.8386615275021,0.05954403719401759,-0.2969408734697302,0.7256537069258153
Cambria Heights,2199.583333333333,113137.20882742944,5.256582296052937,21032,16.14682388740966,48500,40.03092783505154,40.29896907216495,0.2350515463917525,7.849484536082474,0.0,0.4309278350515463,3.101030927835052,8.05360824742268,1.2861856687190822,0.031190566755420313,-0.3522952354026338,0.5879271012019444
Carroll Gardens-Cobble Hill-Gowanus-Red Hook,3024.9736842105262,177207.83581414368,14.474882197907515,55487,21.86818534071044,200180,50.817264461984216,11.552602657608151,0.0699370566490158,8.131181936257368,0.14486961734439,0.4381057048656209,3.393445898691178,25.45259266660006,0.699507695311367,0.0570584100780363,-0.3498300367821739,0.594060735961255
Castle Hill-Unionport,4289.190476190476,63354.10318297381,21.621135411580276,39677,7.734959800388134,119834,30.346979988984764,9.791878765625782,0.0717659428876612,17.812140127175926,0.0133518033279369,1.893452609443063,2.5310012183520536,37.53942954420281,1.2930479366213234,0.00897245255437659,-0.4661102691243139,0.3047451128730858
Chelsea-Hudson Yards,4389.423076923077,191341.7284819277,11.477708648979725,54855,34.0461215932914,107264,48.6910799522673,8.430601133651551,0.0820405727923627,11.331854116945108,0.0587335918854415,0.3822344868735083,2.590803997613365,28.43265214797136,1.4336310657097928,0.09525111658007475,-0.2757954722131043,0.7782653573911287
Chinatown-Two Bridges,5824.615384615385,60939.19940570523,32.42202634637737,35695,12.407900266143718,78676,12.583252834409478,13.326808683715493,0.4829935431389496,40.504092734760285,0.0,0.667293710915654,1.9090955310386903,30.52646296202145,3.685343075697792,0.07166269785684269,-0.30259810641574,0.7115780051340107
Claremont Village-Claremont (East),3502.9,36832.31413971281,43.18323562429837,26167,4.65089616692781,79585,49.073317836275685,16.64886599233524,0.0540302820883332,7.764025884274675,0.0,0.2123515737890306,2.514292894389646,23.7331155368474,4.255121072610963,0.07738754920319486,-0.2656358588280161,0.8035433845986515
Clinton Hill,4053.863636363637,120557.33163648596,9.440926220909905,27082,28.007532678531867,112959,31.483104489239462,22.621482130684583,0.1000362963553147,6.567869758053807,0.0123938774245522,0.5683478076116113,2.076859745571402,36.56990589505927,2.920263666036966,0.04508529650690495,-0.3209971620971329,0.6657995082091552
Concourse-Concourse Village,5036.551724137931,40505.74961659592,31.898652417721145,61126,7.051009390439421,131339,30.384729592885584,19.921729265488544,0.1439024204539398,7.76920792757673,0.0,0.424854765149727,1.6400307600941078,39.71554526835136,1.6050511711511666,0.08309066518339168,-0.3096883847431617,0.6939367582010773
Coney Island-Sea Gate,4011.125,61313.805405798455,27.39534517386681,48372,15.31051021251964,89284,33.17727700371847,32.17373773576453,0.0884816988486179,5.934993951883876,0.0078401505308901,0.7436942789301555,3.1147798037722323,24.75919537655123,0.8955146722822225,0.07355494914413296,-0.3261763445291737,0.6529132388731579
Corona,3883.428571428572,60386.3584902884,19.236350068405127,53284,8.82816605359958,119832,7.941117564590426,11.258261566192669,0.1977768876426997,10.264370118165433,0.0,0.5624541024100407,1.0681620935977034,68.70785766740103,1.7705315514161482,0.038097740409879136,-0.3912451806565911,0.4910161520799853
Crotona Park East,3509.409090909091,43620.26340875827,29.366748250542933,27953,7.966944514005653,76427,41.10589189684274,15.497141062713435,0.0798147251625734,7.991940021196697,0.0,0.6267418582438145,2.4232273934604263,32.27524304238031,2.662231856989413,0.09229778556863306,-0.3285320572910528,0.6470520147270413
Crown Heights (North),3824.363636363637,78454.74286868879,20.48604276898496,71030,17.454596649303113,128067,20.865640641226857,45.08187120803954,0.078084127839334,3.503634816150921,0.0,0.5973435779709059,3.007019763092756,26.86640586567968,1.2010924857777638,0.07543291566943545,-0.3251764628284073,0.6554010340163644
Crown Heights (South),3470.4193548387098,75041.88469367837,17.417054686434568,39594,14.898722028590193,62891,34.71402903436104,47.86376429059802,0.0270308947226153,1.8110699464152265,0.0,0.5183571576219173,1.5248604728816524,13.54088820339953,2.121211948724397,0.07198060312168511,-0.355852757333766,0.5790756683020951
Cypress Hills,2749.206896551724,65014.28659049005,19.304883207219063,40908,6.37283660897624,40417,4.045327461216814,19.55117895934879,0.0742261919489323,4.958309622188683,0.0123710319914887,0.9624662889378232,2.395031793552218,68.00108865081526,1.7448801147886706,0.049990221961474526,-0.3916769227877106,0.4899419390244873
Downtown Brooklyn-DUMBO-Boerum Hill,3702.1111111111113,153855.7868383405,15.993559286242212,24603,27.955940332479777,121502,42.78777304077299,12.982502345640402,0.0362133956642689,14.607166960214643,0.0255139833089167,0.9102730819245772,3.2254613092788595,25.425095883195336,1.7923277168703322,0.16709344388895664,-0.3210773954756384,0.6655998803839676
Dyker Heights,2830.8823529411766,77348.07747532468,18.527672549200776,42554,13.98928420360013,165019,26.92659633133154,19.695913803865007,0.2690599264327138,20.849114344408825,0.0278755779637496,2.7887697780255607,2.2288342554493723,27.21383598252323,1.4608413367341748,0.027470978051417023,-0.4117504320646071,0.4399972517200847
East Elmhurst,3232.833333333333,68789.87451667784,13.56972242813607,24962,7.5835269609806915,77522,8.714945434844303,36.94306132452724,0.1328655091457908,5.185624725884265,0.0825572095663166,0.3186192306700033,1.08485333195738,47.53747323340471,1.4788768021246337,0.054683118339876616,-0.4370714711468005,0.3769962406991443
East Flatbush-Erasmus,3522.5714285714284,68782.45915118826,15.23747443188204,38153,12.182528241553744,47534,6.0861698994404,75.24298396936929,0.3050448100307149,4.428409138721757,0.0,0.9887659359616274,2.8085160095931334,10.140110236883071,2.1515573618445463,0.07315283201845202,-0.3596781252615383,0.5695578105951334
East Flatbush-Farragut,2589.777777777778,83326.41869744293,10.091025855810578,31371,12.648624525835965,46002,3.7846180600843446,67.55141080822573,0.2956393200295639,9.471327333594193,0.0,1.4738489630885614,4.488935263684188,12.93422025129342,1.7634741606903537,0.050524369640751014,-0.420149327587886,0.4191000481058013
East Flatbush-Remsen Village,3224.4347826086955,58749.941452495885,18.69659275283937,36660,12.105837424986362,48344,23.04319046831044,63.494952837994376,0.0,0.752937282806553,0.0,0.7405262286943571,3.559904021181532,8.408489161012742,2.313453777030173,0.06426623022367703,-0.3936579813296024,0.4850128881026148
East Flatbush-Rugby,2632.205882352941,73394.19892731437,12.311795792202613,38433,11.206515234303852,51100,9.107632093933464,69.99412915851272,0.187866927592955,5.483365949119374,0.0,0.8864970645792564,1.9804305283757335,12.360078277886496,1.5634822292310442,0.061925949054198216,-0.4187847452160957,0.4224952511527649
East Flushing,3266.333333333333,66098.00818677642,16.67915919830536,27040,10.706360946745562,29714,13.892441273473782,2.3456956316887663,0.8649121626169481,63.46839873460321,0.0,0.272598774988221,0.8581813286666218,18.297772093962443,1.3435988090515183,0.02407544378698225,-0.4186391074695343,0.422857610898208
East Harlem (North),5263.958333333333,52594.40406063245,32.26858092222814,64762,11.284395170007103,132691,22.05575359293396,25.72593469037086,0.4559465223715248,16.496220542463316,0.1371607720192025,1.9458742491954992,1.833583287487471,31.349526343158164,1.6295404040629302,0.11857261974614743,-0.2948764894925151,0.7307900789869226
East Harlem (South),5396.952380952381,74183.51004094021,29.026236829251275,58553,13.872901473878366,101234,22.95276290574313,18.017662050299307,0.2578185194697434,17.931722543809393,0.0484027105517909,4.05990082383389,3.156054290060652,33.5756761562321,2.554251188051634,0.07345481871125305,-0.2989359078577153,0.7206898828482722
East Midtown-Turtle Bay,3685.55,199583.9580523938,6.5024123827484015,30744,36.621779859484775,85872,42.43991056456121,5.32769703745109,0.1083007266629401,22.378656605179803,0.0,2.480435997764114,2.2393795416433764,25.02561952673747,3.237786251666797,0.0875943273484257,-0.2659183136745655,0.8028406116657314
East New York (North),3354.5625,56550.23613362399,25.49504394147131,41261,5.66152056421318,41499,2.58319477577773,57.962842478132,0.0722908985758692,2.22896937275597,0.2626569314923251,0.6650762668979976,2.47234873129473,33.75262054507338,1.5242799784335357,0.09939167737088292,-0.4061007425693349,0.4540541847314492
East New York-City Line,4065.8888888888887,64322.52865302107,25.99280231324499,34233,5.5063827301142165,45563,2.671026929745627,59.118144108157935,0.0285319228321225,9.20703202159647,0.0,1.1807826525909182,1.8436011676140729,25.950881197462856,1.349177141131807,0.08369117518184208,-0.4077358123539623,0.4499859847975154
East New York-New Lots,3524.054054054054,58151.324541759335,25.321200177746867,47868,6.998412300493022,48034,1.7862347503851437,72.8588083440896,0.0811924886538701,1.21580547112462,0.0,1.1325311237873177,1.051338635133447,21.874089186826,0.915711174395374,0.08586111807470544,-0.3871106973995087,0.5013031163866164
East Williamsburg,3452.0882352941176,80854.84212454525,25.362536066249486,41861,24.94445904302334,82400,33.58373786407767,8.739077669902914,0.2949029126213592,20.13470873786408,0.0,0.3276699029126214,1.9077669902912624,35.012135922330096,0.8138774802060631,0.09065717493609804,-0.3404005449465456,0.6175221554207768
Eastchester-Edenwald-Baychester,3991.074074074074,78849.9811616663,15.080003575578797,40819,10.078639849089884,87640,11.211775445002283,50.86490187129164,0.2122318575992697,12.35851209493382,0.0,0.6081697854860794,2.4052943861250573,22.339114559561843,0.7542887768361435,0.06305886964403831,-0.4242074838343213,0.4090029922315756
Elmhurst,4527.693877551021,71793.73444606211,10.136334966765318,75382,14.479583985566846,112134,10.513314427381529,3.499384664776072,0.3370966878912729,43.88410294825834,0.0240783348493766,0.1979774198726523,1.9004048727415412,39.64364064422923,1.010360553886417,0.0574009710540978,-0.4014066902077076,0.4657334070417107
Far Rockaway-Bayswater,5412.428571428572,76024.21156333307,18.28983897834536,40867,10.02275674749798,63978,24.910125355590985,43.139829316327486,0.0,4.667229360092532,0.0312607458813967,0.6939885585670074,3.104192066022695,23.453374597517897,0.7034009581676326,0.08515428096018793,-0.3588318745834259,0.5716633580067216
Flatbush,3691.871794871795,82737.45714424619,13.710367223857228,60631,14.01263380119081,74039,16.897851132511242,55.303286105971175,0.3552181958157187,4.494928348573049,0.0,0.7401504612433988,2.863355798970813,19.3452099569146,1.7706478038679525,0.060002309049825994,-0.3451217218737185,0.6057754447642698
Flatbush (West)-Ditmas Park-Parkville,3736.277777777778,87233.28452262352,15.458083617869676,39988,15.887266179853956,60438,27.957576359244182,29.385485952546407,0.2018597571064562,18.90532446474073,0.0148912935570336,2.4421721433535195,2.7366888381481846,18.356001191303484,1.857191640647528,0.03768630589176753,-0.4059517832128471,0.4544248089396145
Flatlands,2555.6346153846152,97645.00948883688,10.063341583120096,70560,14.010770975056689,82422,13.430880104826382,69.49964815219238,0.0679430249205309,3.864259542355197,0.089781854359273,1.0785955206134286,2.617019727742593,9.35187207299022,0.7828589002539339,0.03599773242630386,-0.4539411513207784,0.3350229668887532
Flushing-Willets Point,4125.888888888889,55849.97755814684,20.878895571350466,47202,10.327952205415023,64271,7.256772105615285,4.588383563348945,0.3547478645112103,68.93777909165875,0.062236467458107,0.2333867529679015,1.555911686452677,17.010782467987116,1.1036665356876316,0.08118300072030846,-0.3637203339811823,0.5595004335945852
Fordham Heights,5219.368421052632,43847.70995684092,33.19170430235322,29160,4.214677640603567,41473,4.197911894485569,20.09500156728474,0.1398500229064692,2.179731391507728,0.0988594989511248,0.4026716176789718,1.24900537699226,71.63696863019314,5.764753432659437,0.09444444444444444,-0.3165235043752049,0.6769303689344288
Forest Hills,3693.054054054054,111360.10514259788,7.066085614614691,87668,24.449057809006707,87466,48.52514119772254,3.0537580316923147,0.0388722475018864,28.12521436901196,0.0102897125740287,0.3178377883977774,4.501177600439028,15.427709052660465,0.7340073238029939,0.02435324177579048,-0.3668638818543784,0.5516790051942255
Fort Greene,3319.423076923077,131720.9898847112,18.534034524764536,29117,21.228148504310195,121625,44.1011305241521,17.942034943473793,0.1751284686536485,9.660020554984584,0.0,0.6215827338129497,3.969578622816033,23.530524152106885,2.4260255755822846,0.09547686918295153,-0.3433290839968533,0.6102356882112443
Fort Hamilton,2169.285714285714,102059.79104379322,0.0,1264,18.43354430379747,13974,15.09947044511235,19.364534134821813,0.293402032345785,19.407471017604124,0.178903678259625,7.406612279948475,2.73364820380707,35.51595820810076,5.025712475836815,0.004746835443037975,-0.2249514332348802,0.9047698760097516
Fort Wadsworth,3297.333333333333,93678.40406389002,0.0,588,12.585034013605442,10359,22.84004247514239,4.237860797374264,1.9693020561830288,40.14866299835892,0.0,3.127715030408341,3.919297229462303,23.75711941307076,4.312129056591436,0.017006802721088437,-0.483809101431934,0.260708834359765
Fresh Meadows-Utopia,3763.470588235294,95596.26064802513,9.352680589458458,11994,18.701017175254293,22453,29.368013183093574,5.696343473032557,0.0,49.86416069122166,0.0,0.9887320179931413,2.396116331893288,11.686634302765778,1.2814276945357226,0.04618976154744039,-0.4127086207943463,0.4376131924195763
Glen Oaks-Floral Park-New Hyde Park,4865.181818181818,121964.10495730328,7.552709922107581,15702,19.220481467329005,24998,35.68685494839588,4.224337947035763,0.7360588847107769,43.89551164093128,0.1800144011520921,2.740219217537403,2.660212817025362,9.876790143211457,0.9365278602536088,0.03088778499554197,-0.3597160009110148,0.5694635725900361
Glendale,2471.230769230769,87832.03201456764,7.930415573657325,35677,11.382683521596547,38555,52.74024121385035,1.4005965503825704,0.0570613409415121,3.625988847101543,0.0,0.1426533523537803,1.1152898456750098,40.91816884969524,1.4176388234413022,0.028982257476805787,-0.4531646538448056,0.3369549620917422
Gramercy,6633.294117647059,186525.53322810063,10.76324113877849,26497,32.52821074083859,55622,52.59609507029592,8.626083204487433,0.1456258315055194,13.807486246449246,0.0952860378986732,0.4081118981697889,1.9039229082017908,22.417388802991624,5.651514377671845,0.08774578254141978,-0.2756799229898207,0.7785528541982668
Grasmere-Arrochar-South Beach-Dongan Hills,3691.2631578947367,101493.8632189808,11.276687980925544,26438,15.035176639685302,83989,54.97624688947362,8.427294050411364,0.0523878126897569,13.045755991856076,0.0,0.2750360166212242,2.044315327007108,21.178963911940848,0.5309789092304463,0.05106286405930857,-0.3810415944691263,0.516403587554608
Gravesend (East)-Homecrest,3215.342105263158,75704.3245950746,15.901762279715037,51364,14.730161202398568,107816,33.49966609779624,33.82800326482155,0.288454403799065,9.532907917192253,0.1539660161757067,1.5674853454032796,3.09045039697262,18.03906655783928,1.219539557396444,0.030176777509539756,-0.4000699342772719,0.4690593754126102
Gravesend (South),3812.636363636364,74002.78210019314,20.27747402952433,23000,15.02608695652174,38245,34.72349326709374,27.185252974245,0.0784416263563864,18.415479147600998,0.0,1.4224081579291412,2.593803111517845,15.581121715256897,1.6464905683273023,0.041652173913043475,-0.4465233642942594,0.3534790847712676
Gravesend (West),3605.21875,70211.41039465359,19.072704611549646,57692,14.905012826735076,104807,25.08992719951912,30.388237426889425,0.1183127081206407,24.412491532054155,0.0696518362323127,0.6507198946635244,2.501741295905808,16.768918106615015,1.2572245409492129,0.027421479581224432,-0.4533405853185193,0.3365172288423923
Great Kills-Eltingville,4387.55,133839.29856070018,6.388188821563265,54152,15.870143300339784,65215,76.06072222648163,1.9704055815379895,0.3358123131181476,6.089089933297554,0.0,0.1993406424902246,0.7298934294257456,14.6147358736487,0.3643634535891495,0.019519131334022752,-0.3912671904666521,0.4909613897030652
Greenpoint,2594.782608695652,122756.58582439678,9.31153506542156,26308,33.12680553443819,50984,59.84818766671896,2.1516554213086456,0.4275851247450181,10.766122705162404,0.0,0.6276478895339714,4.0561744861132905,22.1226267064177,1.204308978949537,0.05956363083472708,-0.3419713348722243,0.6136138895278158
Greenwich Village,4752.2,191181.57301881237,7.932709227845429,32189,28.87943086147441,69844,60.25571273122959,8.854017524769485,0.0,10.968730313269573,0.0186129087681117,0.3364641200389439,3.0668346600996506,16.49962774182464,4.010946936235724,0.08381745316723105,-0.2553696087267146,0.82908673349821
Hamilton Heights-Sugar Hill,5552.0625,59595.84357164567,23.975283213182287,52510,15.84269662921348,93142,20.3431319920122,25.68229155483026,0.0182517017027764,5.29191986429323,0.0,0.6345150415494621,2.4414335101243263,45.58845633548775,2.6612441313331097,0.0606360693201295,-0.2791901814617266,0.769819017014215
Harlem (North),4930.571428571428,66671.51752911862,25.085935608811425,82712,13.491391817390465,185928,25.647562497310787,30.496213588055596,0.14952024439568,11.573297190310228,0.0016135278172195,1.31018458758229,2.6171421195301408,28.204466244998063,1.7880294874143277,0.07362897765741368,-0.2832645860305582,0.7596815338599299
Harlem (South),4862.391304347826,74042.01066750124,18.83056452091955,49945,17.543297627390128,100987,28.65517343816531,30.40886450731282,0.1277392139582322,11.542079673621355,0.0257458880846049,1.3090793864556824,2.341885589234258,25.589432303167737,2.945625420351825,0.09874862348583442,-0.2722739412083383,0.7870272416456285
Hell's Kitchen,4341.681818181818,153606.76601023902,14.020745908042215,27122,35.93024113265984,87326,45.72292329890296,10.206582232095824,0.2301719991755033,13.222866042186748,0.0,0.3046057302521586,3.640382016810572,26.672468680576237,2.3140907753379767,0.16116068136568099,-0.2769219904270777,0.7754624792713385
Highbridge,5476.272727272727,37785.73171865403,33.89685948399281,32234,6.908854005087796,95227,25.614584099047537,22.61858506516009,0.184821531708444,8.402028836359436,0.0147017127495353,0.4736051750028878,2.1622018965209446,40.52947168345112,3.259508478523635,0.06598622572439039,-0.3153587034243015,0.6798284979293274
Highland Park-Cypress Hills Cemeteries (North),2035.9375,84556.08515732925,0.0,17,29.411764705882355,3569,71.3925469319137,3.0540767722051,0.7004763239002522,7.032782291958532,0.0,2.1014289717007566,4.483048472961614,11.235640235360044,1.362227472151481,3.0,-0.4015127825060387,0.4654694399100815
Hollis,2689.3846153846152,87207.69928779818,8.957119705663352,21189,10.467695502383313,43248,25.4878838327784,33.46281908990011,0.1341102478727339,19.3326859045505,0.0,3.32732149463559,3.0660377358490565,15.189141694413614,1.7384340166046974,0.04662796734154514,-0.401708463906611,0.4649825670754387
Holy Cross Cemetery,2172.333333333333,75906.4853460181,0.0,26,42.30769230769231,24,0.0,20.833333333333336,0.0,0.0,0.0,0.0,0.0,79.16666666666666,9.946824887673388,1.3461538461538463,-0.574307320981344,0.0355411661333326
Hunts Point,3233.705882352941,43631.26094628272,34.314943368651804,7800,6.564102564102564,20176,19.88005551149881,22.30868358445678,0.0594766058683584,2.780531324345757,0.0,0.63441712926249,0.6145915939730373,53.72224425059476,0.944481366919542,0.23564102564102565,-0.3835857641102103,0.5100734658294773
Hutchinson Metro Center,3519.454545454545,68946.64723355892,66.15384615384615,554,10.469314079422382,8021,20.633337489091137,45.90450068570004,0.0,15.085400822840043,0.0,1.3090637077671112,2.8924074304949507,14.175289864106718,3.489721109567253,0.4314079422382672,-0.3223326029214781,0.6624768119398876
Jackson Heights,4114.675675675676,73215.28983927012,13.160044719642242,70383,13.979227938564708,222912,23.04227677289693,12.220517513637668,0.1179837783519954,13.26532443296009,0.0448607522250933,0.4450186620729256,2.32692721791559,48.53709086993971,1.0819853671460555,0.06221672847136382,-0.3831560063238965,0.5111427416575347
Jacob Riis Park-Fort Tilden-Breezy Point Tip,1213.6,182126.60332893868,0.0,11,0.0,2180,1.5137614678899085,58.11926605504587,0.0,0.0,0.0,0.0,0.0,40.36697247706422,0.8081284500450848,0.2727272727272727,-0.4799581720060417,0.2702902913613507
Jamaica,3696.525,72517.39345736874,15.706457725201004,55604,11.621466081576864,143915,24.35117951568634,23.12545599833235,0.2911440781016572,21.54883090713268,0.0896362436160233,2.2158913247402983,2.388215265955598,25.98964666643505,0.908348342371998,0.08407668513056614,-0.3658862120866395,0.5541115350604852
Jamaica Estates-Holliswood,3139.76,83595.70627054297,8.859771625729072,16927,20.269392095468778,38596,39.18540781428127,22.551559747124053,0.4119597885791273,17.250492278992642,0.0,1.3161985697999792,1.9328427816354024,17.351539019587523,1.0793349106309271,0.04478052815029243,-0.3611371200128844,0.5659277010995996
Jamaica Hills-Briarwood,3621.0,83397.3833301468,14.450608224085176,40618,17.905854547245063,93911,28.93484256370393,24.61479485896221,0.1469476419162824,18.73369466835621,0.0,1.7846684626934013,2.9464067042199527,22.83864510014801,1.5411091812058784,0.02644147914717613,-0.3755057708528611,0.530177212070024
Kensington,3570.2272727272725,86656.49239289579,14.533422254142517,34898,16.565419221731904,46916,39.741239662375314,12.281524426634835,0.1577287066246056,25.799300878165237,0.0,1.7968283741154405,5.286043140932731,14.937334811151844,2.434765546442655,0.027250845320648746,-0.4133794643067081,0.4359440737322098
Kew Gardens,2649.625,98735.07927222406,8.528037383177569,18253,19.158494494055773,90009,59.255185592551854,5.3794620537946205,0.2110900021109,13.250897132508973,0.06554900065549,0.60549500605495,2.4442000244420004,18.788121187881213,2.0970438960593936,0.029091108310962583,-0.3835559341915816,0.5101476853362746
Kew Gardens Hills,3994.444444444444,91578.64986091794,11.938906377521278,34290,16.803732866724992,33919,50.1076093045196,6.875202688758512,0.4039034169639435,23.27309177746985,0.0,0.1709956071818155,3.013060526548542,16.15613667855774,1.2399531676834783,0.027325750947798193,-0.3880575053292067,0.4989473735349907
Kingsbridge Heights-Van Cortlandt Village,4926.714285714285,51167.11314408328,25.08572562133364,35851,9.748682045131238,94567,21.872323326318902,17.954466145695644,0.0,3.3563505239671345,0.1057451330802499,0.5001744794695824,2.5526875125572346,53.65825287891125,3.8789155725774593,0.03514546316699674,-0.3494460582138953,0.5950161089984118
Kingsbridge-Marble Hill,4826.785714285715,70837.47368109509,26.6328205519716,24565,12.766130673722776,86521,21.50460581824066,13.237248760416543,0.1421620184695045,8.209567619421874,0.0,0.5802059615584655,2.6525352226627064,53.673674599230246,3.454869347879208,0.09468756360675758,-0.3476017095996182,0.5996050133872621
Laurelton,3119.714285714286,110972.35581707726,5.445492844956652,25941,12.844531822211945,53682,15.874967400618456,60.70749972057673,0.2496181215304944,5.7523937260161695,0.0,0.3595246078760106,1.6430088297753436,15.412987593606797,1.0677132350854084,0.04290505377587603,-0.3726432598435262,0.5372993956052758
Longwood,3986.304347826087,40823.53249713693,32.01516521040474,38758,6.243872232829351,102403,32.244172534007795,17.17625460191596,0.0800757790299112,6.702928625137935,0.2773356249328633,0.4931496147573802,2.004824077419607,41.02125914279855,2.764906138849242,0.0904329428763094,-0.3166235862684851,0.6766813562283913
Madison,3009.542857142857,90789.377475459,15.490682648188034,41116,16.61883451697636,65831,40.1148395132992,18.226975133295863,0.1017757591408303,22.057996992298463,0.176208777019945,2.825416597043946,4.555604502438062,11.941182725463689,1.5536759303596457,0.027167039595291372,-0.4203801995119848,0.4185256180996961
Manhattanville-West Harlem,5518.333333333333,62587.4477499245,26.713510329448397,23769,11.813706929193488,28142,14.572525051524412,30.950181223793617,0.1492431241560656,4.86461516594414,0.0,0.1847772013360813,1.588373249946699,47.69028498329899,3.962656624046782,0.07880011780049645,-0.2653353759658878,0.8042910128475198
Mapleton-Midwood (West),2906.1666666666665,75913.77374739539,19.69681101743729,37245,11.314270371861996,88626,36.35389163450906,20.9735292126464,0.1805339290952993,19.68835330489924,0.0124117076253018,1.750050775167558,3.377112811138944,17.664116624918197,1.3566064925080166,0.023144046180695394,-0.4208818378054691,0.4172774971377664
Marine Park-Mill Basin-Bergen Beach,2218.3611111111118,111068.41449518538,5.809119739436016,43042,15.944891036661865,55424,52.3347286374134,27.25173210161663,0.2219255196304849,8.34656466512702,0.0,0.6170612009237875,2.980658198614319,8.247329676674365,0.7225517544883588,0.03624366897449003,-0.4408054349463693,0.3677058046422032
Maspeth,2461.5405405405404,92026.4825916532,10.691593911413811,38434,13.204454389342771,84885,44.78411969134712,7.553749190080697,0.0730399952877422,9.797961948518584,0.0,0.4193909406844555,2.3690875890911234,35.00265064499028,0.7294284186952862,0.03140448561169797,-0.4678709125533114,0.3003644744753424
Melrose,5144.409090909091,37374.88902338815,40.67110619573147,42877,5.445810107983301,132463,46.58810384786696,11.813865003812383,0.218929059435465,6.493888859530586,0.0724730679510504,0.2604500879490877,2.8317341446290665,31.720555928825405,2.4628836673234984,0.133824661240292,-0.3143118600606037,0.6824331378921441
Middle Village,2580.451612903226,100629.75940695552,6.362567984913499,32120,15.69115815691158,42227,60.4731569848675,2.2663224950860825,0.061571980012788,12.274137400241552,0.0,1.648234541880787,0.5801975039666565,22.696379093944632,1.2173530358579654,0.01998754669987547,-0.4311194315556806,0.3918054478039554
Midtown South-Flatiron-Union Square,4785.961538461538,219478.7002531442,10.132722756907793,27789,34.39130591241138,90143,35.64558534772528,8.490953263148553,0.0920759238099464,15.81376257723839,0.0,0.9573677379275152,3.2015797122350045,35.798675437915314,2.859119396967205,0.2564324013098708,-0.2401227956389681,0.8670221687802018
Midtown-Times Square,2869.6060606060605,195990.8899965152,10.394486692015208,19860,31.641490433031212,96023,31.826749841183883,10.720348249898462,0.0249940118513272,18.66844401862054,0.067692115430678,2.6087499869822857,2.9597075700613398,33.12331420597149,1.7325434778670397,0.40840886203423965,-0.2426510695648971,0.8607315970167618
Midwood,3225.2580645161293,91840.42051148695,15.532168980444844,49914,15.779140121008131,62300,57.09309791332263,15.428571428571429,0.3691813804173354,12.451043338683789,0.0738362760834671,1.8892455858748,3.112359550561798,9.58266452648475,1.3203393164699813,0.023520455182914613,-0.4133054011826774,0.4361283494121355
Morningside Heights,5379.125,105939.22148118886,22.251703119397632,37379,15.433799727119505,66438,34.292121978385865,21.328155573617508,0.2844757518287726,10.227580601463018,0.0225774406213311,0.4455281615942683,2.746921942261958,30.65263855022728,2.671536567547854,0.054602851868696324,-0.2932752219106186,0.7347741760157638
Morris Park,2961.692307692308,79302.2215079736,11.54970102953738,22296,13.872443487621098,63230,45.84374505772576,2.2204649691602087,0.1154515261742843,26.18693658073699,0.0173968053139332,0.2577890241973747,2.0085402498813854,23.34967578681006,1.5283280834124728,0.0599210620739146,-0.4305577861139333,0.3932028719203406
Morrisania,4563.727272727273,39331.94084779188,35.714285714285715,25169,7.02451428344392,84435,34.56149700953396,19.39361639130692,0.2759519156747794,7.873512169124178,0.0,0.3860958133475454,2.671877775803873,34.83744892520874,3.079994944812241,0.12670348444515078,-0.3114481275961476,0.6895583605170362
Mott Haven-Port Morris,3789.875,36052.62792308453,43.68344582789252,49694,4.350625830080091,139142,28.397608198818475,19.733797128113725,0.0395279642379727,12.467119920656597,0.0287476103548892,0.5914820830518464,2.918601141280132,35.823115953486365,1.0381623894006904,0.1350464844850485,-0.321193658553332,0.6653106074431802
Mount Eden-Claremont (West),4570.172413793103,39358.98923303279,31.80433375223733,50367,7.213056167728871,78770,9.640726164783548,25.335787736447884,0.1066395835978164,1.848419449028818,0.0,0.8099530278024628,1.7798654310016502,60.47860860733781,3.126140770248052,0.08779558043957353,-0.2820694600118388,0.7626551143371111
Mount Hope,4475.625,44559.297742400966,30.190849888037476,47167,5.243072487120233,112304,10.456439663769768,28.80930331956119,0.0507550933181364,4.270551360592677,0.0445220116825758,0.5387163413591679,1.4496367003846702,54.38007550933182,3.3536145475358805,0.08007717259948693,-0.3150437967918197,0.6806120138095074
Mount Olivet & All Faiths Cemeteries,2185.6666666666665,100907.13302577398,0.0,14,0.0,14,100.0,0.0,0.0,0.0,0.0,0.0,0.0,0.0,5.5658402400565805,0.6428571428571429,-0.5300772418290631,0.1455895608727686
Murray Hill-Broadway Flushing,3822.0,71120.98541141399,14.830331719172245,40756,11.360290509372852,54362,22.06320591589713,1.1662558404768038,0.1066921746808432,58.43052132003973,0.1030131341746072,0.4745962253044406,1.109230712630146,16.54648467679629,0.7535219074418378,0.027480616350966727,-0.392496211937569,0.487903474307774
Murray Hill-Kips Bay,5490.05,192062.6573710622,7.855284351381489,48642,35.080794375231285,109023,44.01640020913018,7.931353934490887,0.0559514964732212,16.126872311347146,0.0,0.7227832659163663,2.4371004283499813,28.709538354292214,2.6972248790839277,0.06017433493688582,-0.2512238168706901,0.8394018346109287
New Dorp-Midland Beach,4172.466666666666,95375.62330835476,8.489483747609942,21835,14.18365010304557,62079,61.72618759967139,2.9091963465906345,0.080542534512476,16.00057990624849,0.0853750865832246,0.3721065094476393,1.991011453148408,16.835000563797742,0.6840891691392611,0.055324021067094116,-0.3686093366075582,0.5473361575810342
New Springville-Willowbrook-Bulls Head-Travis,4132.888888888889,118256.00723196042,10.01718409898041,34837,13.795677010075494,49734,54.07367193469257,2.555595769493707,0.1105883299151486,17.889170386455948,0.0562995134113483,0.0723850886717336,1.6145896167611695,23.627699360598385,0.2031015298029579,0.04334471969457761,-0.3984071121186311,0.4731966257364352
North Corona,3240.730769230769,59654.64620990043,15.286369516641184,17687,3.4997455758466667,91917,3.2583744029940056,23.09692439918622,0.0293743268383432,4.870698565009738,0.0446054592730398,0.3296452234080747,1.064003394366657,67.30637422892391,3.046896338128431,0.09572002035393226,-0.370816276670228,0.5418450932230714
Norwood,4166.421052631579,50764.609421186935,29.26607756504664,29786,10.232995366950917,54604,13.636363636363637,13.130906160720826,0.0,8.468244084682441,0.0,0.39557541572046,1.7434620174346205,62.62544868507801,2.7051534788068503,0.10169207010004701,-0.3180614366773727,0.6731038557489383
Oakland Gardens-Hollis Hills,3473.3846153846152,104426.52648713291,7.713961905458268,25223,17.97169250287436,25556,36.63327594302708,3.5764595398340897,0.9469400532164656,40.19408358115511,0.0,0.0743465331037721,1.72953513851933,16.845359211144153,1.0732570312828702,0.0170082860880942,-0.3508608939629681,0.5914958710519826
Oakwood-Richmondtown,4008.6666666666665,115584.60061533345,7.083176868193767,20485,10.988528191359531,45718,68.32538606238244,1.9817139857386583,0.3696574653309418,10.149175379500416,0.0,0.0743689575222013,3.2678594864167283,15.831838663108622,0.760462479349046,0.02543324383695387,-0.3864782481726145,0.5028767066561314
Ocean Hill,3959.034482758621,56130.99236142563,27.34288864388093,36805,9.927998913191145,84569,7.402239591339615,43.50175596258676,0.0957797774598257,2.3010795918126026,0.0685830505267887,0.2696023365535834,1.1848313211696957,45.17612836855112,2.1173984173099547,0.08504279309876375,-0.3710100055528442,0.5413630784278192
Old Astoria-Hallets Point,2814.25,109391.64377720527,19.53614867417088,14574,17.98408124056539,79531,43.24854459267456,11.95885880977229,0.1383108473425456,7.077743269919906,0.0980749644792596,0.2225547270875507,2.982484817241076,34.27342797148282,3.834928066271916,0.04926581583642103,-0.3868986657905198,0.501830670002854
Ozone Park,3718.684210526316,85020.51633996179,11.84073056533684,23966,12.138028874238504,77290,42.27843187993272,8.734635787294605,0.0232889118902833,17.8988226161211,0.0245827403286324,1.7130288523741752,3.213869840859102,26.11333937119938,1.6942303123867888,0.048234999582742216,-0.409126648098435,0.4465254610101064
Ozone Park (North),2928.448275862069,77126.88016485133,14.718400851257885,25477,10.362287553479607,104096,37.566284967722105,8.48927912695973,0.0864586535505687,21.655971411005225,0.0124884721795265,0.6532431601598524,2.674454349830925,28.86181985859207,2.3518345377480534,0.043961219923852886,-0.4154096428402473,0.4308928078757492
Park Slope,3466.133333333333,196983.1389636867,5.061726332670688,55879,27.632921133162725,187375,52.60733822548366,10.940627084723149,0.1296864576384256,9.456971314209472,0.0282855236824549,0.5448965977318212,3.1146097398265518,23.17758505670447,1.6469078152615535,0.03910234614076845,-0.3351766192822573,0.6305197499223326
Parkchester,4836.571428571428,63184.67183069471,21.03923232586984,30318,11.425555775446927,50402,13.959763501448355,31.42930836077933,0.6110868616324749,20.203563350660687,0.0,1.5356533470894012,1.458275465259315,30.802349113130436,4.631619434372247,0.039910284319546144,-0.3862255235012971,0.5035055082527504
Pelham Gardens,2826.2380952380954,86276.66410001516,12.59277412127153,29209,11.873052826183711,42237,23.74695172479106,28.233539313871724,0.0615574022776238,11.032980562066436,0.0,0.5587518052892014,2.6398655207519472,33.72635367095201,1.4148892171553769,0.03971378684651991,-0.4303125381156278,0.3938130708854759
Pelham Parkway-Van Nest,3621.0,63822.3518019884,16.657951500098044,29261,12.350910768599842,113641,30.0938921691995,25.11769519803592,0.14959389656902,10.322858827359845,0.0281588511188743,1.121074260170185,2.074075377724589,31.09265141982207,2.7289936631868192,0.05331328389323673,-0.3665370707719519,0.5524921404111052
Pomonok-Electchester-Hillcrest,3840.0833333333335,89148.655910245,13.829072315558802,24400,13.709016393442624,35282,26.0359390057253,12.218695085312625,0.0198401451164899,31.40411541295845,0.0595204353494699,0.1898985318292614,3.673261152995862,26.398730230712548,1.150488592680355,0.05737704918032787,-0.2288529496406146,0.8950625540756803
Port Richmond,3755.941176470588,102462.69466413996,21.96779964221825,13058,12.513401746056058,46810,19.16470839564196,29.01944029053621,0.260628070925016,7.981200598162785,0.0,0.6643879512924589,2.108523819696646,40.801110873744925,1.1738946515539062,0.12122836575279522,-0.379815142485597,0.5194551098353551
Prospect Heights,3884.6666666666665,165325.43717464677,7.293051861702128,22301,26.729743060849287,61618,50.822811516115415,16.404297445551624,0.1217176798987308,8.635463663215294,0.0081145119932487,0.2028627998312181,3.6109578369956834,20.193774546398775,4.124461572154526,0.04336128424734317,-0.3653018365503066,0.5555655136861398
Prospect Lefferts Gardens-Wingate,3775.571428571429,73762.59122176397,16.066699154607285,45424,16.271134202183866,53515,22.08352798280856,53.80173783051481,0.0971690180323273,5.985237783798935,0.0,0.4017565168644305,2.995421844342708,14.635149023638231,1.7695471167219905,0.05871345544205706,-0.3173222277877856,0.6749430736123317
Queens Village,2960.823529411765,97449.58856836334,7.702822773562983,52522,12.358630669052967,109661,31.445089867865512,26.315645489280605,0.1577589115547004,17.545891429040406,0.0629211843773082,3.671314323232507,4.739150655201028,16.062228139447935,0.6106955214440641,0.04510490841932904,-0.388611731794978,0.4975684084947008
Queensboro Hill,3958.1111111111113,71365.61213261096,14.342378948386786,20166,12.223544579986116,20196,12.145969498910675,1.6785502079619727,0.0,67.73123390770449,0.0,0.7328183798772034,0.8367993662111309,16.87462863933452,1.6096114146032472,0.03758801943865913,-0.4340339378911428,0.3845538952446383
Queensbridge-Ravenswood-Dutch Kills,2239.875,94339.66774559591,16.469549189770373,22228,12.574230700017996,111077,30.231281003268,18.228796240445817,0.0459140956273576,11.873745239788615,0.2646812571459438,0.7652349271226266,3.2130864175301816,35.37726081907145,1.5344850046745535,0.08691740147561634,-0.3932169270233187,0.4861102706831961
Randall's Island,3046.0,15537.940906106369,77.49497655726725,2009,2.1901443504230964,17909,32.37478362834329,14.1158076944553,0.11725947847451,10.480763861745492,0.0279189234463119,1.4182813110726449,0.993913674688704,40.47127142777375,1.8127216615475816,0.2896963663514186,-0.338513736274513,0.6222167042327459
Rego Park,4552.24,88106.28884241605,11.648936170212766,28213,24.40364371034629,27743,39.38290740006488,3.582885772987781,0.0,37.69599538622355,0.0,0.6668348772663374,2.2528205313051943,16.418556032152253,2.106551945767182,0.035940878318505655,-0.4245266854516781,0.4082087900447015
Richmond Hill,2735.548387096774,79326.37624112639,10.58813564107632,35709,11.55451006748999,114204,38.05470911701867,8.299183916500299,0.5709081993625442,15.92238450492102,0.0788063465377745,1.0708906868410912,3.0769500192637738,32.926167209554826,1.4053084647656071,0.0442465484891764,-0.4140459057905393,0.4342859076857308
Ridgewood,3190.2380952380954,70924.48095380253,12.29285724027878,66137,13.413066815851945,112633,49.449095735708006,2.7052462422203085,0.0088783926557935,6.515852370086919,0.0,0.3169586178118313,2.3021672156472794,38.70180142586986,0.9996979875931888,0.04375765456552308,-0.3527479450117193,0.5868007191850494
Riverdale-Spuyten Duyvil,3546.1052631578946,115760.56285620992,6.834868821026049,45308,18.51107972102057,108627,36.56181244073757,24.04834893718873,0.0340615132517698,5.425907002863008,0.0193322102239774,0.7208152669225882,2.723079897263112,30.46664273154925,0.67539280650352,0.025801183014037256,-0.3626341799106923,0.5622028821135127
Rockaway Beach-Arverne-Edgemere,4519.75,64944.44541549127,22.07765147130322,34206,10.562474419692451,48121,15.126452068743376,50.72837222834106,0.4862741838282662,4.391014318073191,0.0,2.5020261424326176,2.495791858024563,24.27006920055693,0.8423018483832031,0.08311407355434719,-0.3443050619971007,0.6078073676138871
Rosebank-Shore Acres-Park Hill,3365.125,90980.78789792355,14.415990006246096,12884,17.62651350512263,69331,23.126739842206227,12.971109604650158,0.1961604477073747,32.04627078795921,0.0230776997302793,1.0716706812248489,1.8519854033549208,28.71298553316698,1.2067155680952373,0.083281589568457,-0.3759363247116656,0.5291059555423749
Rosedale,2719.894736842105,109656.33989318472,8.790194558275187,12918,11.425917324663262,32392,16.23857742652507,66.6090392689553,0.1204000987898246,5.090763151395406,0.0,0.7069646826376883,2.2937762410471723,8.940479130649544,0.9005678470690301,0.07663725034835114,-0.3745735844690936,0.5324965752070053
Sheepshead Bay-Manhattan Beach-Gerritsen Beach,3330.833333333333,88116.08074389125,13.56170881385076,57771,18.52140347233041,84373,47.634906901496926,26.836784279331063,0.2500800018963413,14.699015087765044,0.0,0.3899351688336316,2.2803503490453108,7.908928211631682,0.6712628795843776,0.040037389001402086,-0.4320231432568733,0.3895569322251999
SoHo-Little Italy-Hudson Square,4323.55,147504.0166298528,11.13584773878121,22489,33.76317310685224,62910,47.44396757272294,12.053727547289778,0.0222540136703226,14.533460499125736,0.0492767445557145,0.5436337625178826,3.175965665236052,22.177714194881577,3.293267238869736,0.11890257459202276,-0.291308993289026,0.7396663287689165
Soundview-Bruckner-Bronx River,4157.555555555556,51376.100869456764,30.147534238523484,69194,6.71590022256265,182137,33.75151671543948,14.600547939188631,0.1965553402109401,12.189176279394085,0.0532566145264279,0.9207354903177278,2.438274485689344,35.84993713523337,1.3207387277147786,0.0563632684914877,-0.3450736563963996,0.6058950359728481
Soundview-Clason Point,3827.0,64776.30727288564,24.37707063114229,26881,8.705033294892303,83420,20.88228242627667,16.23231838887557,0.2301606329417406,17.24886118436826,0.0,0.2493406856868856,1.8796451690242144,43.27739151282666,1.4029988999611671,0.09151445258732933,-0.3871040565286904,0.5013196394674527
South Jamaica,2671.90625,80747.43141015894,13.446045864877393,31876,8.940895971891077,111368,21.414589469147334,29.9915595144027,0.2172976079304647,19.899791681632067,0.0062854679979886,3.108612887005244,2.3256231592558003,23.036240212628403,1.1234941380432328,0.06669594679382608,-0.43245766752913,0.3884757969536003
South Ozone Park,3170.31914893617,92705.31062044896,9.748318255625144,80664,10.800357036596251,217697,19.388875363463896,18.901960063758345,0.410662526355439,24.79087906585759,0.0946269356031548,4.888905221477558,3.571937141990932,27.952153681493087,0.5197965811417569,0.0449023108201924,-0.3818994868513549,0.5142690745414521
South Richmond Hill,2825.958333333333,85130.03969155006,12.735909616125303,24003,10.99445902595509,69581,38.376855750851526,5.648093588767048,0.1738980468806139,26.732872479556203,0.044552392176025,5.715640764001667,2.4489443957402166,20.859142582026703,2.683952949078515,0.034787318251885184,-0.4309231092157366,0.392293915353108
South Williamsburg,4471.590909090909,47617.20843710292,50.33701633889339,36891,2.6185248434577537,53056,80.77503015681545,2.757463811821472,0.0,2.5256332931242462,0.0,0.2110977080820265,0.6144451145958987,13.116329915560918,2.7969265182200025,0.02870618850126047,-0.3763186761041832,0.528154631064115
Springfield Gardens (North)-Rochdale Village,3512.4210526315787,85860.92079237592,9.05483291864823,17959,9.365777604543684,42829,10.271078007891848,69.17976137663733,0.0326881318732634,3.299166452637232,0.0,1.284176609306778,2.526325620490789,13.406803801162765,1.2342737522667482,0.1276240325185144,-0.4234893058612787,0.4107898832927117
Springfield Gardens (South)-Brookville,3262.285714285714,103976.816780522,8.923050124112702,22196,10.614525139664805,27945,6.2372517444981215,74.27088924673467,0.146716765074253,4.734299516908213,0.2648058686706029,1.0341742708892467,3.1347289318303813,10.177133655394526,0.7406095407327716,0.05514507118399712,-0.399239131430126,0.4711264872384466
St. Albans,2588.8936170212764,98222.64809579382,8.582856103990547,51429,11.145462676699916,135450,17.84643779992617,50.391288298265046,0.4872646733111849,13.071982281284608,0.0841638981173864,1.1081579918789222,3.00110741971207,14.009597637504614,0.5727000633149859,0.04413852106787999,-0.4073895325021527,0.4508475600547301
St. George-New Brighton,2860.5454545454545,85291.5999809318,18.476471589941536,17224,14.13144449605202,61356,56.72305886954822,10.791120672794836,0.1401655909772475,9.107503748614644,0.0309668166112523,0.0798617902079666,4.273420692352826,18.853901818893014,1.6047496013598272,0.11518810961449141,-0.3212554136689257,0.6651569551895942
Stuyvesant Town-Peter Cooper Village,6335.5,142015.50267540052,10.422358579298606,22335,34.08551600626819,33706,58.01934373702012,8.031211060345338,0.0,11.5231709487925,0.0,0.4301904705393699,2.655313594018869,19.34077018928381,7.629425784754449,0.00819341840161182,-0.3127787186411792,0.6862477309326703
Sunnyside,2412.083333333333,83915.43297633443,10.339743071826774,39917,22.42402986196357,159771,32.25491484687459,14.04259846905884,0.0876254138736065,11.084614855011235,0.0,0.2710128871947975,2.2137934919353324,40.0454400360516,0.8917563315845416,0.04318961845830097,-0.3756870707403726,0.5297261217267669
Sunset Park (Central),3138.5,53381.88690738363,23.249281278117937,33113,7.89418053332528,128174,33.224366876277564,5.016618034858864,0.0265264406197824,29.392076396148987,0.0085820837299296,2.9374132039259133,2.1736077519621766,27.220809212476787,2.268193563188011,0.05127895388518105,-0.3246671240915075,0.6566683143705653
Sunset Park (East)-Borough Park (West),2893.8,50181.892777662586,27.37182478831922,16240,7.266009852216748,58265,38.24422895391745,2.550416201836437,0.1029777739637861,34.662318716210414,0.0,1.3215480992019222,2.109328070024886,21.009182184845105,3.620546908932566,0.050492610837438424,-0.3763565128718816,0.5280604898003608
Sunset Park (West),3069.5405405405404,85334.60215015893,16.366650876361913,49559,13.158054036602836,163106,31.92831655487842,9.82796463649406,0.0582443319068581,14.736429070665702,0.0098095716895761,0.6327173739776587,2.597697203045872,40.20882125734185,0.8443695175074855,0.06119978207792732,-0.3543783582923336,0.5827441050497746
Throgs Neck-Schuylerville,3198.086956521739,83296.31817934634,14.4143007360673,45634,10.029802340360256,185548,35.55306443615668,11.636881022700326,0.2462974540280681,15.796451592040874,0.0479660249638907,2.2085929247418457,2.1476922413607262,32.36305430400759,0.6398905639721623,0.047771398518648374,-0.4211610863950838,0.4165827016590031
Todt Hill-Emerson Hill-Lighthouse Hill-Manor Heights,3980.677419354839,114944.0195784475,10.969176993962504,17181,14.841976602060416,101904,38.975898885225305,12.414625529910504,0.1628984141937509,9.891662741403676,0.0,0.4023394567436018,2.708431464908149,35.44414350761501,0.2283193765586778,0.038705546824981084,-0.3888448160650155,0.4969884739739344
Tompkinsville-Stapleton-Clifton-Fox Hills,3307.5333333333333,81890.39935097656,25.53871730929088,12397,9.179640235540855,36432,40.662055335968375,17.46815985946421,0.1262626262626262,14.056324110671936,0.0356829161176987,0.6642512077294686,3.181269213877909,23.805994729907773,1.7547758336607762,0.1284988303621844,-0.3680988878920772,0.5486061996612684
Tottenville-Charleston,4509.0,124264.77629925334,6.28622117090479,15693,16.31300579876378,22945,75.99912835040314,1.0852037480932666,0.1220309435606886,8.585748529091305,0.0,0.2702113750272391,0.8847243408149923,13.052952713009368,0.3355443493505889,0.043586312368571974,-0.3694593155589911,0.5452213338918102
Tremont,3730.363636363637,37518.98047960228,36.32910190256101,31270,6.498241125679565,55682,6.598182536546819,40.3972558456952,0.0790201501382852,2.1874214288279874,0.010775475018857,0.2514277504399986,1.3469343773571352,49.12898243597572,2.6877552940239484,0.08369043811960346,-0.3378796498860154,0.623794367906827
Tribeca-Civic Center,4589.266666666666,178021.09237496188,3.9144245142002982,21346,34.17502108123302,65666,43.90856759967106,16.72098193890293,0.1903572625102793,9.918374805835592,0.0,0.8223433740444066,3.836079554107149,24.60329546492858,3.133063050143837,0.1248008994659421,-0.2724187640484588,0.7866669094603301
University Heights (North)-Fordham,5106.148148148148,45830.71223506884,25.79971275623449,45837,6.145690162968781,153504,11.715004169272463,14.526657285803626,0.2188868042526579,7.60371065249114,0.0117260787992495,0.7035647279549718,1.824708150927663,63.39574213049822,2.3228019772290893,0.06843816131073151,-0.3014463165516918,0.7144437613805518
University Heights (South)-Morris Heights,4711.52,42434.78825517031,34.40699580980142,55215,6.058136375984787,113752,17.404529151135804,21.79478163021309,0.0465925873830789,9.855650889654688,0.0140656867571559,0.6558126450523947,1.414480624516492,48.814086785287294,2.1656307027252613,0.061812913157656434,-0.3237266882021279,0.6590082030156942
Upper East Side-Carnegie Hill,4456.875,224570.78982611132,4.87153209867506,54413,29.608733207138,98535,61.4989597604912,2.9573248084437003,0.0243568275232151,15.23012127670371,0.0030446034404018,1.3051200081189425,2.805094636423606,16.17597807885523,2.119988725178628,0.058441916453788614,-0.2850551510841587,0.7552264477827189
Upper West Side (Central),8054.882352941177,220846.16049454844,7.801272638277043,95311,28.584318704032064,182179,59.29607693532185,9.733833207998726,0.0614779969151219,7.621075974728152,0.0,0.308487805949094,2.9690579045883445,20.009990174498707,1.6740349334457414,0.03771862639149731,-0.2706824034942715,0.7909871298926586
Upper West Side-Lincoln Square,5982.176470588235,196050.5443916733,9.902594848069992,33723,26.379622216291555,113299,56.50888357355316,9.210143072754391,0.0547224600393648,10.400797888772187,0.0,0.9991262058800164,2.8693986707737933,19.95692812822708,2.6927456981314624,0.08780357619428876,-0.2247850856882529,0.9051837635909188
Upper West Side-Manhattan Valley,7181.076923076923,148384.89924373888,17.04781308909496,52334,20.76661443803264,92749,34.43810714940323,17.74250935320057,0.1088960527876311,10.26641796677053,0.0053908937023579,0.6285782056949402,2.1261684762099864,34.68393190223075,3.222492105651992,0.04471280620629037,-0.2792269413694215,0.7697275550745094
Wakefield-Woodlawn,3148.208333333333,79163.15944254007,15.169303893887998,48046,12.315281188860675,101070,28.01919461759177,35.550608489165924,0.4234688829524092,13.20965667359256,0.0079153062234095,2.4131789848619767,3.838923518353617,16.537053527258337,1.072932214255379,0.058506431336635724,-0.4145431534552947,0.4330487110009617
Washington Heights (North),6828.0,79440.61267574692,14.806207269686686,80126,18.40226643037216,210909,22.05975088782366,16.115006946123682,0.0796552067479339,6.244399243275535,0.0474138135404368,0.4589657150714288,2.6276735464110117,52.36713464100631,1.717102554657657,0.03920075880488231,-0.2768965482154598,0.7755257817704713
Washington Heights (South),7041.333333333333,71498.12780881146,19.88505605670896,83914,13.737874490549848,202901,16.287253389584084,16.186218894929056,0.1690479593496335,9.900887624999385,0.0335138811538632,0.6451422122118669,1.811228135888931,54.96670790188318,2.023045814085956,0.046499988083037395,-0.2576752756972294,0.8233500277592196
West Farms,3912.722222222222,43179.59563532068,44.78216271662257,18539,4.552564863261233,56372,22.24153835237352,32.48421202015185,0.0283828851202724,4.404668984602285,0.1028879585609877,0.5304051656850919,1.832470020577592,38.3754346129284,3.635133921797727,0.08954096768973516,-0.3539818704623411,0.583730602249433
West New Brighton-Silver Lake-Grymes Hill,3158.259259259259,101562.67614602511,9.856966996893137,27356,13.371837988009943,127345,45.64450901095449,13.197220149986258,0.0109937571164945,7.170285445050846,0.0,0.2984019788762809,3.353095920530841,30.325493737484788,0.4983405861250278,0.04536481941804357,-0.3676289971794339,0.5497753298012198
West Village,4702.142857142857,213359.1221631475,6.863961813842483,33204,37.42922539453078,115111,44.94010129353407,12.083988498058396,0.2519307451068968,6.549330646072052,0.0738417701175387,0.2614867388868136,3.0153504009173755,32.82396990730686,2.97623365160066,0.09191663654981327,-0.2819796823318584,0.7628784892384142
Westchester Square,3406.3529411764707,60481.34629066796,21.96061103396036,15136,10.517970401691333,38086,16.16079399254319,14.03927952528488,0.1102767421099616,25.39515832589403,0.0682665546395,4.437326051567505,2.4339652365698683,37.354933571391065,2.766976208407637,0.06626585623678646,-0.3852298752356864,0.5059827702304719
Westerleigh-Castleton Corners,4055.8333333333335,118845.0633655229,5.094161958568738,30635,14.760894401827976,87558,42.99550012563101,13.23351378514813,0.0,9.76724000091368,0.0,0.357477329313141,2.0272276662326685,31.619041092761368,0.5558445265759372,0.02519993471519504,-0.3671847459989569,0.5508806664908573
Whitestone-Beechhurst,4549.357142857143,96539.31775290072,7.8546914459625725,28095,18.06371240434241,28353,59.58452368356082,0.3103728000564314,0.0,23.94102916798928,0.0246887454590343,0.5925298910168236,0.941699291080309,14.6051564208373,0.8081356642337018,0.020786616835735894,-0.3840913269048533,0.5088155803574912
Williamsbridge-Olinville,3314.2894736842104,57061.06349697879,21.040350024307244,57664,8.546059933407326,114951,16.92895233621282,48.22924550460631,0.4749849936059713,9.2126210298301,0.1565884594305399,0.7185670416090334,2.0156414472253394,22.263399187479884,1.173721740631739,0.06723432297447281,-0.3599116784701516,0.5689767093132285
Williamsburg,4570.125,119312.39133685255,15.759915204632104,57774,29.705403814864816,94307,47.32840616285112,2.397489051714083,0.0106036667479614,9.308959038035352,0.0339317335934766,0.3117478023900665,3.0877877570063728,37.521074787661576,1.4738457352397043,0.050160972063558004,-0.2957503177702005,0.7286159160398902
Windsor Terrace-South Slope,2884.85,142219.0770404007,7.881956030104178,14065,24.46498400284394,51440,66.12169517884915,5.223561430793157,0.0,9.758942457231726,0.0,0.57348367029549,3.339813374805599,14.982503888024883,2.7780858513373365,0.03569143263419836,-0.3699840058173005,0.5439158575786529
Woodhaven,2885.5238095238096,74809.91817941779,9.86970839497924,40462,12.57476150462162,114909,16.999538765457885,7.339720996614712,0.4629750498220331,31.157698700710995,0.0,0.8659025837836898,1.6108398819935774,41.56332402161711,1.7927868762690813,0.027334288962483317,-0.42083368871425,0.4173972963852104
Woodside,3329.875,77868.1210443335,7.275768778009541,43000,16.02093023255814,197137,16.635131913339453,17.036375718409026,0.1394968980962477,13.109157590913934,0.0091307060572089,0.4971162186702648,1.5963517756686971,50.97723917884517,1.2910155140669626,0.03330232558139535,-0.3980786036654317,0.4740139841636824
