NTAName,Shape_Leng_left,Shape_Area_left,Total Population,Below Poverty Level,Above Poverty Level,Less than 9th grade,"9th to 12th grade, no diploma",High school diploma,Some college,Associate degree,Bachelor degree,Graduate degree,"High school graduate, or higher","Bachelor degree, or higher",Below Poverty Level WA,Above Poverty Level WA,Less than 9th grade WA,"9th to 12th grade, no diploma WA",High school diploma WA,Some college WA,Associate degree WA,Bachelor degree WA,Graduate degree WA,"High school graduate, or higher WA","Bachelor degree, or higher WA"
Allerton,17837.9373331,15753915.8367,3253.0,656.5333333333333,278.26666666666665,521.5333333333333,126.06666666666666,101.33333333333333,289.8666666666667,176.6,325.26666666666665,141.2,23.866666666666667,14.266666666666667,656.5333333333333,278.26666666666665,521.5333333333333,126.06666666666666,101.33333333333333,289.8666666666667,176.59999999999997,325.26666666666665,141.2,23.866666666666667,14.266666666666667
Alley Pond Park,48184.4022993,26132395.9809,3993.5454545454545,353.72727272727275,157.63636363636363,596.9090909090909,67.45454545454545,117.81818181818181,326.45454545454544,283.1818181818182,762.0,385.72727272727275,101.81818181818181,38.54545454545455,353.72727272727275,157.63636363636363,596.9090909090908,67.45454545454545,117.81818181818181,326.45454545454544,283.1818181818182,762.0,385.72727272727275,101.81818181818181,38.54545454545455
Annadale-Huguenot-Prince's Bay-Woodrow,67592.5953327,180428305.23799998,5284.846153846154,313.84615384615387,137.53846153846155,1005.6923076923077,120.76923076923077,217.15384615384616,461.7692307692308,266.0,817.8461538461538,398.0769230769231,107.53846153846153,43.84615384615385,313.84615384615387,137.53846153846155,1005.6923076923077,120.76923076923079,217.15384615384616,461.7692307692308,266.0,817.8461538461538,398.0769230769231,107.53846153846153,43.84615384615385
Arden Heights-Rossville,38159.8608236,67773961.1418,5545.0,375.0,194.4,1158.2,138.8,232.2,458.4,271.0,808.0,418.6,105.8,41.4,375.0,194.4,1158.2,138.8,232.2,458.4,271.0,808.0,418.6,105.8,41.4
Astoria (Central),21571.9909055,21084822.0502,3018.185185185185,347.81481481481484,139.33333333333334,434.4074074074074,40.592592592592595,57.96296296296296,165.2962962962963,145.22222222222223,846.3703703703703,343.81481481481484,70.5925925925926,42.25925925925926,347.81481481481484,139.33333333333334,434.4074074074074,40.592592592592595,57.96296296296296,165.2962962962963,145.22222222222223,846.3703703703702,343.81481481481484,70.5925925925926,42.25925925925926
Astoria (East)-Woodside (North),24359.8870693,26043273.2608,2721.740740740741,289.2962962962963,118.14814814814815,470.81481481481484,45.592592592592595,46.629629629629626,151.07407407407408,126.85185185185185,666.074074074074,254.85185185185185,52.925925925925924,26.85185185185185,289.2962962962963,118.14814814814815,470.8148148148148,45.592592592592595,46.629629629629626,151.07407407407408,126.85185185185185,666.074074074074,254.85185185185188,52.925925925925924,26.85185185185185
Astoria (North)-Ditmars-Steinway,45685.6404607,58301781.0942,2588.862068965517,259.13793103448273,121.62068965517241,415.2413793103448,42.6551724137931,47.62068965517241,166.31034482758622,128.3448275862069,630.5172413793103,271.6896551724138,58.06896551724138,23.724137931034484,259.13793103448273,121.62068965517241,415.2413793103448,42.6551724137931,47.62068965517241,166.31034482758622,128.3448275862069,630.5172413793103,271.6896551724138,58.06896551724138,23.724137931034484
Astoria Park,8570.89492236,2674946.1493,2641.285714285714,280.14285714285717,137.14285714285714,376.7142857142857,39.57142857142857,41.42857142857143,179.71428571428572,111.57142857142857,757.2857142857143,293.0,55.42857142857143,25.428571428571427,280.14285714285717,137.14285714285714,376.7142857142857,39.57142857142857,41.42857142857143,179.71428571428572,111.57142857142857,757.2857142857143,293.0,55.42857142857144,25.428571428571427
Auburndale,39268.139458,55464872.18,2764.21875,233.125,96.15625,434.6875,47.875,71.53125,214.875,182.90625,484.34375,271.96875,56.6875,36.5,233.125,96.15625,434.6875,47.875,71.53125,214.875,182.90625,484.34375,271.96875,56.6875,36.5
Baisley Park,32461.2906166,47948908.1029,2365.222222222222,257.3888888888889,122.13888888888889,419.8333333333333,111.5,64.13888888888889,270.8888888888889,132.47222222222223,237.0,85.75,9.25,5.833333333333333,257.3888888888889,122.13888888888889,419.8333333333333,111.49999999999999,64.13888888888889,270.8888888888889,132.47222222222223,237.0,85.75,9.25,5.833333333333333
Barren Island-Floyd Bennett Field,44394.2974379,54666302.9522,485.6666666666667,1.3333333333333333,1.3333333333333333,80.66666666666667,19.0,4.333333333333333,43.333333333333336,19.0,59.333333333333336,29.0,19.333333333333332,2.3333333333333335,1.3333333333333333,1.3333333333333333,80.66666666666667,19.0,4.333333333333333,43.333333333333336,19.0,59.33333333333334,29.0,19.333333333333332,2.3333333333333335
Bath Beach,22422.3706826,20556460.4891,2982.8695652173915,455.7826086956522,214.04347826086956,474.82608695652175,52.82608695652174,62.130434782608695,169.1304347826087,160.91304347826087,474.9130434782609,191.82608695652175,28.82608695652174,20.08695652173913,455.7826086956522,214.04347826086956,474.82608695652175,52.82608695652174,62.13043478260869,169.1304347826087,160.91304347826087,474.9130434782609,191.82608695652175,28.82608695652174,20.08695652173913
Bay Ridge,41302.5197245,61637531.652799994,2727.815789473684,414.86842105263156,190.52631578947367,346.8157894736842,44.81578947368421,66.92105263157895,176.81578947368422,113.8157894736842,523.0,267.05263157894734,76.65789473684211,32.05263157894737,414.86842105263156,190.52631578947367,346.8157894736842,44.81578947368421,66.92105263157895,176.81578947368422,113.8157894736842,523.0,267.05263157894734,76.65789473684211,32.05263157894737
Bay Terrace-Clearview,31201.8679627,39315519.5955,3762.4615384615386,227.23076923076923,83.15384615384616,555.0,60.61538461538461,108.0,300.0769230769231,237.6153846153846,722.5384615384615,409.46153846153845,99.15384615384616,57.15384615384615,227.23076923076923,83.15384615384616,555.0,60.61538461538461,108.0,300.0769230769231,237.6153846153846,722.5384615384615,409.46153846153845,99.15384615384616,57.15384615384615
Bayside,41945.5008443,70410060.9271,2840.6923076923076,217.1153846153846,90.26923076923077,415.9230769230769,45.30769230769231,81.53846153846153,227.34615384615384,174.34615384615384,551.8461538461538,298.96153846153845,68.34615384615384,35.65384615384615,217.11538461538458,90.26923076923077,415.92307692307685,45.30769230769231,81.53846153846153,227.34615384615384,174.34615384615384,551.8461538461538,298.96153846153845,68.34615384615384,35.65384615384615
Bedford Park,20826.4325425,24552528.8724,5485.5,1461.8333333333333,642.2083333333334,814.3333333333334,173.41666666666666,131.41666666666666,488.6666666666667,212.16666666666666,423.0,178.70833333333334,38.166666666666664,18.25,1461.8333333333333,642.2083333333334,814.3333333333334,173.41666666666666,131.41666666666666,488.6666666666667,212.16666666666666,423.0,178.70833333333334,38.166666666666664,18.25
Bedford-Stuyvesant (East),29753.971349,41289700.7379,3731.6444444444446,919.5333333333333,401.15555555555557,594.1777777777778,114.02222222222223,85.91111111111111,311.8,170.15555555555557,550.1777777777778,257.26666666666665,31.68888888888889,18.644444444444446,919.5333333333333,401.15555555555557,594.1777777777778,114.02222222222223,85.91111111111111,311.8,170.15555555555557,550.1777777777778,257.26666666666665,31.68888888888889,18.644444444444446
Bedford-Stuyvesant (West),26307.6460518,36906698.8302,3885.0975609756097,934.3658536585366,400.8780487804878,467.6829268292683,105.26829268292683,81.90243902439025,282.3414634146341,142.4390243902439,702.8536585365854,338.9756097560976,64.51219512195122,21.682926829268293,934.3658536585366,400.8780487804878,467.6829268292683,105.26829268292683,81.90243902439025,282.3414634146341,142.4390243902439,702.8536585365854,338.9756097560976,64.51219512195122,21.682926829268293
Bellerose,32397.6635193,55322223.0696,3643.4117647058824,252.7058823529412,125.29411764705883,588.1176470588235,96.29411764705883,95.76470588235294,292.2352941176471,221.05882352941177,584.5882352941177,317.7647058823529,69.29411764705883,31.176470588235293,252.7058823529412,125.29411764705883,588.1176470588235,96.29411764705883,95.76470588235294,292.2352941176471,221.05882352941177,584.5882352941177,317.7647058823529,69.29411764705883,31.176470588235293
Belmont,19746.6529273,16393957.4602,5345.1,1906.65,870.0,719.05,177.65,130.15,435.0,181.25,319.25,97.9,19.55,13.25,1906.65,869.9999999999999,719.05,177.65,130.15,434.99999999999994,181.25,319.25,97.9,19.55,13.250000000000002
Bensonhurst,33669.6206896,48634931.3054,3398.169811320755,611.377358490566,276.8490566037736,559.8679245283018,60.35849056603774,73.30188679245283,181.39622641509433,160.54716981132074,486.6981132075472,191.9245283018868,29.69811320754717,17.0,611.377358490566,276.8490566037736,559.8679245283018,60.35849056603774,73.30188679245283,181.39622641509433,160.54716981132074,486.6981132075472,191.9245283018868,29.698113207547166,17.0
Borough Park,28481.078822400003,40481286.1694,3506.95,1103.175,549.55,560.25,50.4,59.35,150.975,78.175,264.45,120.475,27.25,12.075,1103.175,549.55,560.25,50.400000000000006,59.35,150.975,78.175,264.45,120.475,27.25,12.074999999999998
Breezy Point-Belle Harbor-Rockaway Park-Broad Channel,104337.146058,69230686.6319,2434.1,257.2,147.4,398.9,54.2,60.0,225.0,124.0,411.5,249.3,57.3,29.8,257.2,147.4,398.9,54.2,60.0,225.0,123.99999999999999,411.5,249.3,57.3,29.799999999999997
Brighton Beach,16805.8963446,13564293.5158,3435.4736842105262,657.9473684210526,275.1578947368421,518.8947368421053,58.10526315789474,61.578947368421055,180.89473684210526,211.6315789473684,743.2105263157895,461.63157894736844,91.52631578947368,45.73684210526316,657.9473684210526,275.1578947368421,518.8947368421053,58.10526315789474,61.578947368421055,180.89473684210526,211.6315789473684,743.2105263157895,461.63157894736844,91.52631578947368,45.73684210526316
Bronx Park,32849.0273674,33461446.5837,4054.6666666666665,1199.1333333333334,524.0666666666667,549.0666666666667,179.2,98.26666666666667,336.26666666666665,157.4,303.93333333333334,95.53333333333333,17.6,14.333333333333334,1199.1333333333334,524.0666666666667,549.0666666666667,179.2,98.26666666666667,336.26666666666665,157.4,303.93333333333334,95.53333333333333,17.6,14.333333333333334
Brooklyn Heights,14312.5049112,9982321.61811,3794.9473684210525,280.94736842105266,138.10526315789474,147.89473684210526,29.94736842105263,44.21052631578947,136.26315789473685,71.15789473684211,1193.6842105263158,749.3157894736842,338.6842105263158,91.47368421052632,280.94736842105266,138.10526315789474,147.89473684210526,29.94736842105263,44.21052631578947,136.26315789473685,71.1578947368421,1193.6842105263158,749.3157894736842,338.6842105263158,91.47368421052632
Brooklyn Navy Yard,39387.6326877,10106059.5247,3888.1111111111113,1332.111111111111,595.4444444444445,502.77777777777777,77.44444444444444,48.888888888888886,193.22222222222223,78.66666666666667,545.3333333333334,224.55555555555554,85.0,25.11111111111111,1332.111111111111,595.4444444444445,502.77777777777777,77.44444444444444,48.888888888888886,193.22222222222226,78.66666666666667,545.3333333333334,224.55555555555554,85.0,25.11111111111111
Brownsville,25719.290162200003,30785525.8165,3399.64,1216.88,472.72,653.24,197.4,168.12,249.68,182.28,218.8,72.92,11.64,3.04,1216.88,472.72,653.24,197.4,168.12,249.68,182.28,218.79999999999998,72.92,11.64,3.04
Bushwick (East),27121.6752991,27932137.9551,3496.939393939394,816.3636363636364,356.7878787878788,529.5454545454545,95.12121212121212,87.15151515151516,247.1818181818182,161.21212121212122,486.3333333333333,143.0909090909091,16.636363636363637,11.818181818181818,816.3636363636364,356.7878787878788,529.5454545454545,95.12121212121212,87.15151515151514,247.1818181818182,161.21212121212122,486.3333333333333,143.0909090909091,16.636363636363637,11.818181818181817
Bushwick (West),23685.2070277,23135495.4322,3821.925925925926,1004.1481481481482,449.962962962963,558.2962962962963,99.88888888888889,83.22222222222223,259.77777777777777,125.81481481481481,585.7407407407408,168.25925925925927,19.037037037037038,5.222222222222222,1004.1481481481482,449.962962962963,558.2962962962963,99.88888888888889,83.22222222222223,259.77777777777777,125.81481481481481,585.7407407407408,168.25925925925927,19.037037037037038,5.222222222222222
Calvary & Mount Zion Cemeteries,22214.0792314,14291819.9444,2902.181818181818,240.9090909090909,103.81818181818181,660.0909090909091,61.54545454545455,77.63636363636364,202.72727272727272,200.36363636363637,469.0,168.0909090909091,22.0,13.090909090909092,240.90909090909093,103.81818181818181,660.0909090909091,61.545454545454554,77.63636363636364,202.72727272727272,200.36363636363637,469.0,168.0909090909091,22.0,13.090909090909093
Calvert Vaux Park,11280.7390606,4222370.92529,2885.0,915.0,463.0,347.0,72.0,22.0,115.0,60.0,312.0,177.0,10.0,4.0,915.0,463.0,347.0,72.0,22.0,115.0,60.0,312.0,177.0,10.0,4.0
Cambria Heights,26160.9873853,33073254.045299996,2077.6666666666665,117.04166666666667,48.25,318.5833333333333,90.79166666666667,69.125,260.0416666666667,152.70833333333334,288.4166666666667,140.5,15.625,9.958333333333334,117.04166666666667,48.25,318.5833333333333,90.79166666666667,69.125,260.0416666666667,152.70833333333334,288.4166666666667,140.5,15.625,9.958333333333334
Canarsie,42345.5534557,70537629.8709,2775.809523809524,374.1190476190476,151.6904761904762,478.85714285714283,127.28571428571429,71.57142857142857,299.3809523809524,171.02380952380952,329.14285714285717,153.42857142857142,20.285714285714285,8.380952380952381,374.1190476190476,151.6904761904762,478.85714285714283,127.28571428571428,71.57142857142857,299.3809523809524,171.02380952380952,329.14285714285717,153.42857142857142,20.285714285714285,8.380952380952381
Canarsie Park & Pier,24203.9931496,11552049.3466,2675.6,131.4,48.4,411.4,106.4,59.6,257.8,167.8,388.4,229.0,37.4,6.8,131.4,48.4,411.4,106.40000000000002,59.60000000000001,257.8,167.8,388.4,229.00000000000003,37.4,6.8
Carroll Gardens-Cobble Hill-Gowanus-Red Hook,67164.8709595,60811778.397800006,3551.4285714285716,429.2857142857143,163.96428571428572,218.42857142857142,51.285714285714285,46.67857142857143,147.21428571428572,78.57142857142857,885.8214285714286,596.0714285714286,222.35714285714286,83.14285714285714,429.2857142857143,163.9642857142857,218.4285714285714,51.285714285714285,46.67857142857142,147.21428571428572,78.57142857142857,885.8214285714284,596.0714285714287,222.35714285714286,83.14285714285714
Castle Hill-Unionport,39756.7170959,32897687.2664,4244.476190476191,1030.0,461.57142857142856,608.5238095238095,124.33333333333333,129.9047619047619,416.23809523809524,257.1904761904762,368.0952380952381,134.71428571428572,16.095238095238095,9.142857142857142,1030.0,461.57142857142856,608.5238095238095,124.33333333333333,129.9047619047619,416.23809523809524,257.1904761904762,368.0952380952381,134.71428571428572,16.095238095238095,9.142857142857142
Central Park,32721.0972934,38312378.7422,5342.103448275862,744.7586206896551,307.17241379310343,325.82758620689657,85.96551724137932,90.58620689655173,289.9310344827586,115.65517241379311,1217.2413793103449,982.1724137931035,447.44827586206895,218.58620689655172,744.7586206896551,307.17241379310343,325.82758620689657,85.96551724137932,90.58620689655173,289.9310344827586,115.65517241379311,1217.2413793103449,982.1724137931035,447.44827586206895,218.58620689655172
Chelsea-Hudson Yards,40095.2356126,29671751.951000005,4509.761904761905,462.57142857142856,231.95238095238096,212.76190476190476,60.95238095238095,70.38095238095238,219.28571428571428,97.0,1548.6190476190477,906.047619047619,312.76190476190476,148.1904761904762,462.57142857142856,231.95238095238096,212.76190476190476,60.95238095238094,70.38095238095238,219.28571428571428,97.0,1548.6190476190477,906.047619047619,312.76190476190476,148.1904761904762
Chinatown-Two Bridges,16464.3992533,11542574.0554,6243.181818181818,1607.0,716.8181818181819,665.4545454545455,125.54545454545455,88.81818181818181,309.90909090909093,230.72727272727272,1123.090909090909,463.45454545454544,120.72727272727273,49.90909090909091,1607.0,716.8181818181819,665.4545454545455,125.54545454545456,88.8181818181818,309.90909090909093,230.72727272727272,1123.090909090909,463.45454545454544,120.72727272727273,49.9090909090909
Claremont Park,6258.490085050001,1863712.12146,3819.8333333333335,1144.0,485.5,561.8333333333334,108.0,79.0,230.0,170.83333333333334,246.0,57.333333333333336,29.333333333333332,0.0,1144.0000000000002,485.5,561.8333333333334,108.0,79.0,230.0,170.83333333333334,246.0,57.33333333333333,29.333333333333332,0.0
Claremont Village-Claremont (East),16428.1102572,9996877.32456,3414.8333333333335,1368.7222222222222,626.1666666666666,448.6111111111111,117.5,77.0,291.6666666666667,127.11111111111111,186.88888888888889,42.77777777777778,12.055555555555555,3.8333333333333335,1368.7222222222222,626.1666666666666,448.6111111111111,117.5,77.0,291.6666666666667,127.11111111111111,186.88888888888889,42.77777777777778,12.055555555555555,3.8333333333333335
Clinton Hill,18102.9685664,14566585.0064,3745.0,663.5454545454545,301.59090909090907,303.54545454545456,55.81818181818182,74.22727272727273,210.3181818181818,119.81818181818181,895.2727272727273,484.27272727272725,117.5,42.72727272727273,663.5454545454545,301.59090909090907,303.54545454545456,55.81818181818182,74.22727272727273,210.3181818181818,119.81818181818181,895.2727272727273,484.27272727272725,117.5,42.72727272727273
Co-op City,25102.6270141,29055660.9167,1757.75,204.75,81.0,306.75,50.75,82.0,146.0,93.75,224.5,80.75,34.25,26.0,204.75,81.0,306.75,50.75,82.0,146.0,93.75,224.5,80.75,34.25,26.0
College Point,67458.3118783,66709670.3218,3185.0833333333335,303.5,140.41666666666666,645.0,56.0,93.5,223.91666666666666,240.75,356.25,122.25,25.416666666666668,13.75,303.5,140.41666666666666,645.0,56.0,93.5,223.91666666666663,240.75,356.25,122.25,25.416666666666664,13.75
Concourse-Concourse Village,29455.0837062,26502799.8279,5197.192307692308,1940.5,892.5769230769231,724.1538461538462,149.92307692307693,136.03846153846155,421.5,200.07692307692307,340.4230769230769,93.84615384615384,20.46153846153846,6.1923076923076925,1940.4999999999998,892.5769230769232,724.1538461538462,149.92307692307693,136.03846153846155,421.49999999999994,200.07692307692307,340.4230769230769,93.84615384615384,20.46153846153846,6.1923076923076925
Coney Island-Sea Gate,49209.0296394,47501301.5754,3935.8636363636365,949.5,389.1818181818182,633.5,85.04545454545455,72.0,210.5,247.6818181818182,682.1363636363636,432.6818181818182,74.4090909090909,33.95454545454545,949.5,389.1818181818182,633.5,85.04545454545455,72.0,210.5,247.6818181818182,682.1363636363636,432.68181818181813,74.4090909090909,33.95454545454545
Corona,22083.4234592,24025748.2771,4254.65,795.4,352.25,790.3,75.6,85.1,290.0,224.0,490.55,142.15,31.2,14.55,795.4,352.25,790.3,75.6,85.1,290.0,224.0,490.55,142.15,31.2,14.55
Crotona Park,11725.246104700002,6339738.9994,3164.6666666666665,1284.4166666666667,538.6666666666666,432.25,108.91666666666667,62.833333333333336,253.5,148.66666666666666,217.91666666666666,35.583333333333336,3.8333333333333335,3.75,1284.4166666666667,538.6666666666666,432.25,108.91666666666667,62.833333333333336,253.5,148.66666666666666,217.91666666666666,35.583333333333336,3.8333333333333335,3.75
Crotona Park East,20755.6379171,15978392.2166,3404.8636363636365,1157.9545454545455,520.2272727272727,480.6818181818182,118.27272727272727,89.95454545454545,308.95454545454544,145.63636363636363,248.5909090909091,58.72727272727273,7.2727272727272725,3.4545454545454546,1157.9545454545455,520.2272727272727,480.6818181818182,118.27272727272727,89.95454545454545,308.9545454545454,145.63636363636363,248.5909090909091,58.72727272727273,7.2727272727272725,3.4545454545454546
Crown Heights (North),30149.1116259,35416337.7121,4031.1176470588234,866.3823529411765,382.1764705882353,569.0294117647059,105.82352941176471,94.91176470588235,321.20588235294116,188.52941176470588,696.1176470588235,371.47058823529414,86.79411764705883,26.823529411764707,866.3823529411765,382.1764705882353,569.0294117647059,105.82352941176471,94.91176470588235,321.20588235294116,188.52941176470588,696.1176470588235,371.47058823529414,86.79411764705883,26.823529411764707
Crown Heights (South),24197.4181415,20053793.0198,4102.789473684211,749.421052631579,335.57894736842104,596.2631578947369,100.05263157894737,96.0,391.0,160.94736842105263,642.3684210526316,341.57894736842104,86.94736842105263,40.94736842105263,749.421052631579,335.57894736842104,596.2631578947369,100.05263157894737,96.0,391.0,160.94736842105263,642.3684210526316,341.57894736842104,86.94736842105263,40.94736842105263
Cunningham Park,28158.2104288,21304892.4242,2942.9166666666665,205.83333333333334,88.08333333333333,435.9166666666667,46.0,72.58333333333333,181.83333333333334,184.41666666666666,565.8333333333334,291.6666666666667,89.66666666666667,36.666666666666664,205.83333333333334,88.08333333333333,435.91666666666663,46.0,72.58333333333333,181.83333333333334,184.41666666666666,565.8333333333334,291.6666666666667,89.66666666666666,36.666666666666664
Cypress Hills,31089.6617315,24378886.816199996,2603.1724137931033,536.1379310344828,233.3793103448276,643.1379310344828,83.48275862068965,56.206896551724135,174.20689655172413,102.0,201.79310344827587,50.0,12.275862068965518,4.137931034482759,536.1379310344828,233.3793103448276,643.1379310344828,83.48275862068965,56.206896551724135,174.20689655172413,102.0,201.79310344827584,50.0,12.275862068965518,4.137931034482759
Douglaston-Little Neck,51882.3068328,68149461.0396,3201.3333333333335,249.44444444444446,104.66666666666667,470.77777777777777,38.44444444444444,88.0,302.8888888888889,179.44444444444446,668.3333333333334,362.77777777777777,120.44444444444444,50.44444444444444,249.44444444444449,104.66666666666667,470.77777777777777,38.44444444444444,88.00000000000001,302.8888888888889,179.44444444444446,668.3333333333334,362.77777777777777,120.44444444444444,50.44444444444444
Downtown Brooklyn-DUMBO-Boerum Hill,30570.8460162,23733661.7113,3617.2272727272725,603.1363636363636,261.59090909090907,278.95454545454544,67.81818181818181,60.0,203.04545454545453,107.0,869.2727272727273,559.5,214.13636363636363,68.18181818181819,603.1363636363635,261.59090909090907,278.95454545454544,67.81818181818181,60.0,203.04545454545453,107.0,869.2727272727273,559.5,214.13636363636363,68.18181818181819
Dyker Beach Park,14627.5017594,9989377.55306,1750.111111111111,154.11111111111111,74.66666666666667,270.0,27.22222222222222,29.11111111111111,109.88888888888889,90.0,315.8888888888889,150.11111111111111,46.0,18.77777777777778,154.11111111111111,74.66666666666667,270.0,27.22222222222222,29.111111111111107,109.88888888888889,90.0,315.88888888888886,150.11111111111111,46.0,18.77777777777778
Dyker Heights,25001.4902557,29119072.894,2737.0588235294117,476.6764705882353,222.02941176470588,440.52941176470586,49.44117647058823,53.26470588235294,129.6764705882353,109.67647058823529,397.1470588235294,169.08823529411765,37.205882352941174,14.411764705882353,476.6764705882353,222.0294117647059,440.52941176470586,49.44117647058824,53.26470588235294,129.6764705882353,109.67647058823529,397.14705882352933,169.08823529411765,37.205882352941174,14.411764705882353
East Elmhurst,24418.5676139,28763853.7419,3242.318181818182,499.3636363636364,240.5909090909091,836.5454545454545,49.63636363636363,52.86363636363637,193.5909090909091,137.13636363636363,255.3181818181818,93.22727272727273,24.0,8.409090909090908,499.3636363636364,240.5909090909091,836.5454545454545,49.63636363636363,52.86363636363637,193.5909090909091,137.13636363636363,255.3181818181818,93.22727272727273,24.0,8.409090909090908
East Flatbush-Erasmus,21908.3884789,19770955.739,3772.9565217391305,576.4347826086956,249.3913043478261,812.3913043478261,130.69565217391303,71.6086956521739,378.4782608695652,146.8695652173913,491.30434782608694,201.69565217391303,39.69565217391305,16.17391304347826,576.4347826086956,249.3913043478261,812.3913043478261,130.69565217391303,71.6086956521739,378.4782608695652,146.8695652173913,491.30434782608694,201.69565217391303,39.69565217391305,16.17391304347826
East Flatbush-Farragut,23276.2090214,24121898.8739,2614.0434782608695,264.17391304347825,103.0,503.69565217391306,88.47826086956522,64.95652173913044,318.6521739130435,152.7391304347826,346.0869565217391,148.7826086956522,23.91304347826087,10.347826086956522,264.17391304347825,103.0,503.6956521739131,88.47826086956522,64.95652173913044,318.6521739130435,152.7391304347826,346.0869565217391,148.7826086956522,23.91304347826087,10.347826086956522
East Flatbush-Remsen Village,22055.8320771,18387355.0992,3339.095238095238,661.8571428571429,270.9047619047619,631.3333333333334,148.95238095238096,129.04761904761904,318.42857142857144,194.0952380952381,344.6666666666667,122.33333333333333,17.857142857142858,8.714285714285714,661.8571428571429,270.9047619047619,631.3333333333333,148.95238095238096,129.04761904761904,318.42857142857144,194.0952380952381,344.66666666666674,122.33333333333333,17.857142857142858,8.714285714285714
East Flatbush-Rugby,31993.7796916,27207437.7154,2625.46875,366.9375,153.28125,578.4375,94.96875,67.65625,291.75,141.40625,290.28125,114.1875,12.9375,10.84375,366.9375,153.28125,578.4375,94.96875,67.65625,291.75,141.40625,290.28125,114.1875,12.9375,10.84375
East Flushing,28376.5005507,31659932.707400005,3316.3333333333335,577.625,241.83333333333334,663.3333333333334,54.208333333333336,62.75,213.91666666666666,247.04166666666666,372.2916666666667,158.16666666666666,47.125,21.708333333333332,577.625,241.83333333333334,663.3333333333334,54.20833333333333,62.75,213.91666666666666,247.04166666666666,372.2916666666667,158.16666666666666,47.125,21.708333333333332
East Harlem (North),28711.0003115,26104504.843700003,5268.5,1541.2083333333333,694.625,704.2916666666666,221.75,118.95833333333333,430.5,194.83333333333334,655.4583333333334,354.8333333333333,91.58333333333333,49.0,1541.2083333333333,694.625,704.2916666666666,221.75,118.95833333333333,430.5,194.83333333333334,655.4583333333334,354.8333333333333,91.58333333333333,49.0
East Harlem (South),18682.2650608,16653939.7417,5400.047619047619,1411.047619047619,567.5238095238095,605.1904761904761,165.8095238095238,106.04761904761905,356.0,182.66666666666666,836.5714285714286,479.76190476190476,209.57142857142858,115.66666666666667,1411.047619047619,567.5238095238095,605.1904761904761,165.8095238095238,106.04761904761907,356.0,182.66666666666666,836.5714285714286,479.76190476190476,209.5714285714286,115.66666666666666
East Midtown-Turtle Bay,16654.6859918,13138095.6198,3600.6470588235293,177.41176470588235,65.05882352941177,137.2941176470588,7.0,67.3529411764706,154.7058823529412,64.05882352941177,1318.8235294117646,679.4117647058823,369.2352941176471,161.0,177.41176470588232,65.05882352941177,137.2941176470588,7.0,67.3529411764706,154.70588235294122,64.05882352941177,1318.8235294117646,679.4117647058823,369.2352941176471,161.0
East New York (North),25635.3385327,27907173.2049,3105.4375,1010.96875,403.75,738.8125,137.28125,99.0,215.53125,129.5,185.28125,52.46875,8.75,3.46875,1010.96875,403.75,738.8125,137.28125,99.0,215.53125,129.5,185.28125,52.46875,8.75,3.46875
East New York-City Line,29722.6976672,31529168.1051,3895.304347826087,1000.695652173913,435.2608695652174,977.7826086956521,153.3913043478261,72.56521739130434,223.56521739130434,152.7391304347826,276.69565217391306,106.8695652173913,23.043478260869566,7.304347826086956,1000.695652173913,435.2608695652174,977.7826086956521,153.3913043478261,72.56521739130434,223.56521739130434,152.7391304347826,276.69565217391306,106.8695652173913,23.043478260869566,7.304347826086956
East New York-New Lots,36564.358077,46453841.9053,3431.2571428571428,1036.8285714285714,396.6,735.1142857142858,178.94285714285715,126.88571428571429,258.9714285714286,159.94285714285715,241.17142857142858,92.11428571428571,10.857142857142858,7.514285714285714,1036.8285714285714,396.6,735.1142857142858,178.94285714285715,126.88571428571429,258.9714285714286,159.94285714285715,241.17142857142858,92.11428571428571,10.857142857142858,7.514285714285714
East Village,21672.4148921,18977686.1882,5219.0,946.96,410.44,434.44,79.52,92.08,278.88,136.16,1520.16,637.56,224.68,111.16,946.96,410.44,434.44,79.52,92.08,278.88,136.16,1520.16,637.56,224.67999999999998,111.16000000000001
East Williamsburg,43184.7728154,52266211.2654,3611.222222222222,820.0370370370371,390.44444444444446,441.2962962962963,73.0,84.22222222222223,212.74074074074073,99.5925925925926,838.6296296296297,285.55555555555554,56.370370370370374,18.85185185185185,820.0370370370371,390.44444444444446,441.2962962962963,72.99999999999999,84.22222222222223,212.74074074074073,99.59259259259261,838.6296296296297,285.55555555555554,56.370370370370374,18.851851851851855
Eastchester-Edenwald-Baychester,54240.48700539999,56395309.7959,3691.0,553.35,207.45,631.8,102.8,109.95,317.25,212.5,400.8,210.45,27.6,13.35,553.35,207.45,631.8,102.8,109.95,317.25,212.5,400.8,210.45,27.6,13.35
Elmhurst,31838.0542558,42102083.9343,4724.2972972972975,624.6216216216217,271.86486486486484,979.7297297297297,86.78378378378379,101.89189189189189,301.9189189189189,255.0810810810811,696.8108108108108,254.64864864864865,51.945945945945944,29.243243243243242,624.6216216216217,271.86486486486484,979.7297297297296,86.78378378378379,101.89189189189189,301.9189189189189,255.0810810810811,696.8108108108108,254.64864864864865,51.945945945945944,29.243243243243242
Far Rockaway-Bayswater,48626.2096497,60475222.294800006,5312.333333333333,1063.888888888889,436.22222222222223,568.6666666666666,166.77777777777777,148.77777777777777,455.6666666666667,270.3333333333333,499.44444444444446,236.77777777777777,63.0,22.22222222222222,1063.888888888889,436.22222222222223,568.6666666666666,166.77777777777777,148.77777777777777,455.66666666666663,270.3333333333333,499.44444444444446,236.77777777777777,63.00000000000001,22.22222222222222
Ferry Point Park-St. Raymond Cemetery,26872.214921899995,21745194.1736,3281.285714285714,672.5714285714286,269.85714285714283,446.14285714285717,182.0,94.71428571428571,326.14285714285717,239.57142857142858,303.0,190.28571428571428,27.428571428571427,17.285714285714285,672.5714285714286,269.85714285714283,446.14285714285717,182.0,94.71428571428571,326.14285714285717,239.57142857142858,303.0,190.28571428571428,27.428571428571427,17.285714285714285
Financial District-Battery Park City,44446.2387314,19245020.2043,5338.25,448.25,199.1875,209.4375,42.625,49.5,180.875,89.9375,1663.875,938.9375,439.625,108.1875,448.25,199.1875,209.4375,42.625,49.5,180.875,89.9375,1663.875,938.9375,439.625,108.1875
Flatbush,33235.6144991,24024170.8588,4008.8064516129034,602.8387096774194,261.64516129032256,709.3225806451613,102.90322580645162,82.03225806451613,353.6774193548387,154.41935483870967,598.8064516129032,288.6774193548387,61.903225806451616,29.322580645161292,602.8387096774194,261.64516129032256,709.3225806451613,102.90322580645162,82.03225806451613,353.6774193548387,154.41935483870964,598.8064516129032,288.6774193548387,61.903225806451616,29.322580645161292
Flatbush (West)-Ditmas Park-Parkville,31252.1644935,22904661.2315,3708.235294117647,699.9411764705883,325.79411764705884,562.0,68.58823529411765,81.11764705882354,271.0882352941176,146.1764705882353,524.0588235294117,284.9117647058824,64.5,33.11764705882353,699.9411764705883,325.79411764705884,562.0,68.58823529411765,81.11764705882354,271.0882352941176,146.1764705882353,524.0588235294117,284.9117647058824,64.5,33.11764705882353
Flatlands,40597.2781543,54337180.5023,2489.84,214.9,92.68,403.12,96.14,69.7,247.0,137.94,357.22,177.1,34.96,14.0,214.9,92.68,403.12,96.14,69.7,246.99999999999997,137.94,357.22,177.1,34.96,14.0
Flushing Meadows-Corona Park,61473.3232936,55241396.95180001,3430.6666666666665,479.5833333333333,213.54166666666666,554.4166666666666,77.16666666666667,80.08333333333333,217.66666666666666,179.79166666666666,539.2916666666666,262.9166666666667,72.58333333333333,36.041666666666664,479.5833333333333,213.54166666666666,554.4166666666666,77.16666666666667,80.08333333333333,217.66666666666666,179.79166666666666,539.2916666666666,262.9166666666667,72.58333333333333,36.041666666666664
Flushing-Willets Point,30770.9094022,38542563.309,3998.4545454545455,805.7727272727273,327.45454545454544,862.3181818181819,67.31818181818181,74.04545454545455,280.0,285.3181818181818,405.59090909090907,145.72727272727272,45.77272727272727,27.40909090909091,805.7727272727273,327.45454545454544,862.3181818181819,67.31818181818181,74.04545454545455,280.0,285.3181818181818,405.59090909090907,145.72727272727272,45.77272727272727,27.40909090909091
Fordham Heights,12917.2800852,7379039.86143,5381.411764705882,1810.1176470588234,789.1176470588235,772.8235294117648,164.52941176470588,119.6470588235294,434.29411764705884,196.35294117647058,246.35294117647058,81.29411764705883,5.764705882352941,5.9411764705882355,1810.1176470588234,789.1176470588235,772.8235294117648,164.52941176470588,119.6470588235294,434.2941176470588,196.35294117647058,246.35294117647058,81.29411764705883,5.764705882352941,5.9411764705882355
Forest Hills,36075.2581008,57953604.1125,3464.1666666666665,366.4166666666667,144.58333333333334,410.97222222222223,54.44444444444444,106.36111111111111,213.58333333333334,184.22222222222223,796.1388888888889,466.02777777777777,134.0,76.63888888888889,366.4166666666667,144.58333333333334,410.97222222222223,54.44444444444444,106.36111111111111,213.58333333333334,184.22222222222223,796.1388888888889,466.02777777777777,134.0,76.63888888888887
Forest Park,29484.787971200003,24010777.1287,2290.55,239.45,103.25,358.2,62.6,96.05,183.95,124.8,362.6,170.9,38.4,19.2,239.45,103.25,358.2,62.6,96.05,183.95,124.8,362.6,170.9,38.4,19.2
Fort Greene,23284.8140224,17534196.383,3067.090909090909,580.3636363636364,263.09090909090907,260.45454545454544,54.90909090909091,57.13636363636363,179.22727272727272,85.86363636363636,743.2727272727273,424.6818181818182,129.45454545454547,51.13636363636363,580.3636363636364,263.09090909090907,260.45454545454544,54.9090909090909,57.136363636363626,179.22727272727272,85.86363636363636,743.2727272727273,424.6818181818182,129.45454545454547,51.13636363636363
Fort Hamilton,16461.0789457,8463972.36796,1946.4285714285713,158.85714285714286,59.57142857142857,239.14285714285714,21.0,58.57142857142857,166.57142857142858,110.14285714285714,363.2857142857143,206.85714285714286,68.57142857142857,24.142857142857142,158.85714285714286,59.57142857142857,239.14285714285714,21.0,58.57142857142857,166.57142857142858,110.14285714285714,363.2857142857143,206.85714285714286,68.57142857142857,24.142857142857146
Fort Totten,14563.7381599,6957321.37097,2072.0,85.33333333333333,37.0,245.33333333333334,20.0,103.0,135.66666666666666,176.66666666666666,509.0,254.66666666666666,68.33333333333333,42.666666666666664,85.33333333333333,37.0,245.33333333333334,20.0,103.0,135.66666666666666,176.66666666666666,509.0,254.66666666666663,68.33333333333333,42.666666666666664
Fort Wadsworth,14816.1044546,9864873.50236,3169.0,369.0,159.0,492.5,85.66666666666667,83.16666666666667,238.83333333333334,221.33333333333334,538.0,230.5,49.0,18.0,369.0,159.0,492.5,85.66666666666667,83.16666666666667,238.83333333333334,221.33333333333334,538.0,230.5,49.0,18.0
Fresh Meadows-Utopia,28347.5466923,33196055.8932,3122.6153846153848,353.15384615384613,159.76923076923077,416.38461538461536,53.53846153846154,59.07692307692308,178.6153846153846,163.30769230769232,525.6153846153846,265.53846153846155,76.3076923076923,39.23076923076923,353.1538461538461,159.76923076923077,416.3846153846154,53.53846153846154,59.07692307692308,178.61538461538464,163.30769230769232,525.6153846153846,265.53846153846155,76.3076923076923,39.23076923076923
Freshkills Park (North),44304.7613848,68122138.9666,4088.1666666666665,414.8333333333333,178.5,878.5,143.0,115.66666666666667,377.5,194.66666666666666,595.0,323.1666666666667,86.0,42.666666666666664,414.8333333333333,178.5,878.5,143.0,115.66666666666667,377.5,194.66666666666666,595.0,323.1666666666667,86.0,42.666666666666664
Freshkills Park (South),33945.4202907,47758768.5386,4276.5,314.5,136.0,895.0,155.5,115.0,338.0,175.5,532.0,282.5,39.5,22.0,314.5,136.0,895.0,155.5,115.0,338.0,175.5,532.0,282.5,39.5,22.0
Glen Oaks-Floral Park-New Hyde Park,33404.1387431,45421116.8137,4706.111111111111,330.55555555555554,137.33333333333334,778.8888888888889,103.44444444444444,146.0,414.8888888888889,258.55555555555554,862.7777777777778,487.3333333333333,109.33333333333333,46.666666666666664,330.55555555555554,137.33333333333334,778.8888888888889,103.44444444444444,146.0,414.8888888888889,258.55555555555554,862.7777777777778,487.3333333333333,109.33333333333333,46.666666666666664
Glendale,41557.4902549,30006442.3282,2388.423076923077,213.53846153846155,83.42307692307692,453.7307692307692,59.03846153846154,138.07692307692307,154.34615384615384,133.69230769230768,305.38461538461536,154.5,24.346153846153847,12.423076923076923,213.53846153846155,83.42307692307692,453.7307692307692,59.03846153846153,138.07692307692307,154.34615384615384,133.69230769230768,305.38461538461536,154.5,24.346153846153847,12.423076923076923
Gramercy,12096.890854,7526916.45215,6770.4,747.2666666666667,347.93333333333334,292.93333333333334,55.4,66.66666666666667,292.93333333333334,139.06666666666666,2091.4,1034.6666666666667,556.5333333333333,188.66666666666666,747.2666666666667,347.93333333333334,292.93333333333334,55.4,66.66666666666667,292.93333333333334,139.06666666666666,2091.4,1034.6666666666667,556.5333333333333,188.66666666666666
Grasmere-Arrochar-South Beach-Dongan Hills,43111.4120145,80113138.3202,3426.9285714285716,389.85714285714283,151.64285714285714,570.9285714285714,109.0,106.5,275.85714285714283,182.92857142857142,493.42857142857144,262.5,83.85714285714286,28.285714285714285,389.85714285714283,151.64285714285714,570.9285714285714,109.0,106.50000000000001,275.85714285714283,182.92857142857142,493.42857142857144,262.5,83.85714285714286,28.28571428571428
Gravesend (East)-Homecrest,31840.772799900005,34880660.5845,3113.7631578947367,538.8157894736842,234.42105263157896,487.36842105263156,69.76315789473684,67.63157894736842,175.55263157894737,153.92105263157896,470.2631578947368,236.18421052631578,45.36842105263158,23.0,538.8157894736842,234.42105263157896,487.3684210526315,69.76315789473684,67.63157894736842,175.55263157894737,153.92105263157896,470.2631578947368,236.18421052631578,45.36842105263158,23.0
Gravesend (South),36857.7899733,25835766.1982,3750.7,689.1,289.8,634.8,71.25,77.95,193.15,196.95,618.7,327.45,55.6,27.1,689.1,289.80000000000007,634.8,71.25,77.95,193.15,196.95,618.7,327.45,55.6,27.1
Gravesend (West),32821.0633932,33835199.9393,3391.516129032258,683.8709677419355,296.51612903225805,580.3225806451613,60.70967741935484,73.51612903225806,196.0,166.48387096774192,484.61290322580646,202.25806451612902,35.58064516129032,19.387096774193548,683.8709677419355,296.51612903225805,580.3225806451613,60.70967741935483,73.51612903225806,196.0,166.48387096774192,484.61290322580646,202.25806451612902,35.58064516129032,19.387096774193548
Great Kills Park,41465.4300279,23377914.7603,3608.2,260.0,107.6,696.8,133.4,164.0,294.6,187.2,557.2,242.6,71.8,29.2,260.0,107.6,696.8,133.4,164.0,294.6,187.2,557.2,242.6,71.8,29.2
Great Kills-Eltingville,67426.8932748,116746800.922,4546.411764705882,257.52941176470586,104.0,903.0,122.70588235294117,202.35294117647058,364.47058823529414,259.52941176470586,701.5882352941177,413.88235294117646,86.0,35.11764705882353,257.52941176470586,104.0,903.0,122.70588235294116,202.35294117647058,364.47058823529414,259.52941176470586,701.5882352941177,413.88235294117646,86.0,35.11764705882353
Green-Wood Cemetery,18789.0223745,21101598.4551,2776.5,395.4,176.4,368.7,65.9,43.9,136.0,103.1,436.7,277.7,52.5,37.0,395.4,176.4,368.7,65.9,43.9,136.0,103.1,436.7,277.7,52.5,37.0
Greenpoint,28914.1722357,35321852.2888,2984.6,303.8,157.06666666666666,295.4,39.333333333333336,83.53333333333333,187.86666666666667,100.66666666666667,1010.3333333333334,401.4,101.53333333333333,56.666666666666664,303.8,157.06666666666666,295.4,39.333333333333336,83.53333333333333,187.8666666666667,100.66666666666667,1010.3333333333334,401.4,101.53333333333333,56.666666666666664
Greenwich Village,12973.1279208,10605561.7407,4758.05,383.7,170.8,215.65,45.4,42.95,177.95,100.7,1499.5,860.7,362.9,224.0,383.7,170.8,215.65,45.4,42.95,177.95,100.7,1499.5,860.7,362.9,223.99999999999997
Hamilton Heights-Sugar Hill,17103.363129,15984382.9696,5522.0,1241.125,519.0625,690.1875,160.1875,128.5625,448.9375,173.6875,832.0625,472.125,87.125,81.6875,1241.125,519.0625,690.1875,160.1875,128.5625,448.9375,173.6875,832.0625,472.125,87.125,81.6875
Harlem (North),26098.0513913,23790626.0591,4885.821428571428,1195.2142857142858,509.42857142857144,610.3571428571429,184.03571428571428,105.25,429.57142857142856,209.75,708.6071428571429,421.60714285714283,98.14285714285714,52.535714285714285,1195.2142857142858,509.4285714285714,610.3571428571429,184.03571428571428,105.25,429.5714285714286,209.75,708.6071428571429,421.60714285714283,98.14285714285714,52.535714285714285
Harlem (South),16624.4627893,14441227.6377,4706.565217391304,1183.0434782608695,518.3913043478261,548.6521739130435,154.34782608695653,76.69565217391305,356.7826086956522,170.8695652173913,734.8260869565217,486.9130434782609,123.78260869565217,69.47826086956522,1183.0434782608695,518.3913043478261,548.6521739130435,154.34782608695653,76.69565217391305,356.7826086956522,170.8695652173913,734.8260869565217,486.91304347826093,123.78260869565217,69.47826086956522
Hell's Kitchen,34651.527343,18382315.8397,4152.285714285715,480.07142857142856,249.21428571428572,202.28571428571428,50.07142857142857,79.14285714285714,190.85714285714286,152.64285714285714,1339.857142857143,887.5714285714286,337.85714285714283,118.5,480.07142857142856,249.21428571428572,202.28571428571428,50.07142857142857,79.14285714285714,190.85714285714286,152.64285714285714,1339.857142857143,887.5714285714286,337.85714285714283,118.5
Highbridge,15718.8767396,13050500.441,5907.333333333333,2217.6666666666665,902.2222222222222,841.0,225.22222222222223,145.66666666666666,471.6666666666667,251.11111111111111,381.55555555555554,80.55555555555556,12.777777777777779,13.0,2217.6666666666665,902.2222222222222,841.0,225.22222222222223,145.66666666666666,471.66666666666663,251.11111111111114,381.55555555555554,80.55555555555556,12.777777777777779,13.0
Highbridge Park,27245.5892652,7752363.86141,6618.6,1592.5333333333333,642.0666666666667,773.9333333333333,202.73333333333332,158.2,533.8,265.53333333333336,786.6666666666666,301.93333333333334,66.06666666666666,36.86666666666667,1592.5333333333333,642.0666666666667,773.9333333333333,202.73333333333335,158.2,533.8,265.53333333333336,786.6666666666666,301.93333333333334,66.06666666666666,36.86666666666667
Highland Park-Cypress Hills Cemeteries (North),33067.8272172,31227049.9902,1970.3125,264.8125,102.9375,426.4375,64.375,104.75,138.125,91.5,210.4375,94.6875,14.25,3.6875,264.8125,102.9375,426.4375,64.375,104.75,138.125,91.5,210.4375,94.6875,14.25,3.6875
Highland Park-Cypress Hills Cemeteries (South),15889.670132,8100960.00049,2568.923076923077,458.7692307692308,195.84615384615384,631.6153846153846,86.15384615384616,51.15384615384615,193.30769230769232,106.76923076923077,187.92307692307693,54.53846153846154,10.692307692307692,3.230769230769231,458.7692307692308,195.84615384615384,631.6153846153846,86.15384615384616,51.15384615384615,193.30769230769232,106.76923076923077,187.92307692307693,54.53846153846154,10.692307692307692,3.2307692307692313
Hollis,22923.7455112,24469310.8751,2486.8636363636365,243.13636363636363,109.9090909090909,414.3181818181818,124.9090909090909,64.86363636363636,281.6363636363636,149.5909090909091,293.45454545454544,119.63636363636364,23.545454545454547,16.954545454545453,243.1363636363636,109.90909090909092,414.3181818181818,124.9090909090909,64.86363636363636,281.6363636363636,149.5909090909091,293.45454545454544,119.63636363636363,23.545454545454547,16.954545454545453
Holy Cross Cemetery,9226.10071533,4276575.27415,2099.8333333333335,266.8333333333333,118.16666666666667,545.3333333333334,75.0,46.333333333333336,237.66666666666666,112.16666666666667,217.5,94.33333333333333,8.0,3.8333333333333335,266.8333333333333,118.16666666666667,545.3333333333334,75.0,46.333333333333336,237.66666666666666,112.16666666666667,217.5,94.33333333333333,8.0,3.8333333333333335
Howard Beach-Lindenwood,73875.0861483,52604804.0465,4152.454545454545,633.4545454545455,263.8181818181818,852.0909090909091,157.8181818181818,133.54545454545453,343.0,246.8181818181818,456.8181818181818,219.72727272727272,35.0,5.2727272727272725,633.4545454545455,263.8181818181818,852.0909090909091,157.8181818181818,133.54545454545453,343.0,246.8181818181818,456.8181818181818,219.72727272727272,35.0,5.2727272727272725
Hunts Point,37430.317447,45038858.63729999,3908.25,1211.1666666666667,562.1666666666666,531.4166666666666,150.5,108.91666666666667,376.5833333333333,152.75,290.3333333333333,91.5,3.25,0.5833333333333334,1211.1666666666667,562.1666666666666,531.4166666666666,150.5,108.91666666666667,376.5833333333333,152.75,290.3333333333333,91.5,3.25,0.5833333333333334
Hutchinson Metro Center,20683.484157,12189729.3358,3291.7272727272725,481.6363636363636,203.1818181818182,545.5454545454545,114.81818181818181,112.45454545454545,264.54545454545456,200.8181818181818,393.8181818181818,175.0909090909091,36.36363636363637,40.27272727272727,481.6363636363636,203.1818181818182,545.5454545454545,114.8181818181818,112.45454545454545,264.54545454545456,200.81818181818178,393.81818181818187,175.0909090909091,36.36363636363637,40.27272727272727
Inwood,23347.4043037,14437615.8034,5409.6,1001.3,377.2,596.7,114.1,135.9,474.2,216.8,820.7,392.1,81.1,75.8,1001.3000000000001,377.2,596.7,114.1,135.9,474.20000000000005,216.79999999999998,820.7,392.1,81.1,75.8
Inwood Hill Park,20537.2051943,10007466.924700001,3776.1428571428573,570.8571428571429,213.0,325.7142857142857,90.14285714285714,97.42857142857143,284.14285714285717,139.57142857142858,761.5714285714286,450.14285714285717,99.57142857142857,108.28571428571429,570.8571428571429,213.0,325.7142857142857,90.14285714285714,97.42857142857143,284.14285714285717,139.57142857142858,761.5714285714286,450.14285714285717,99.57142857142857,108.28571428571429
Jackson Heights,27112.8052247,39315143.6312,4377.076923076923,556.4230769230769,238.69230769230768,993.9230769230769,76.53846153846153,84.23076923076923,282.15384615384613,222.30769230769232,589.6923076923077,251.30769230769232,49.92307692307692,30.53846153846154,556.4230769230769,238.69230769230768,993.9230769230769,76.53846153846153,84.23076923076923,282.15384615384613,222.30769230769232,589.6923076923077,251.3076923076923,49.92307692307692,30.538461538461544
Jacob Riis Park-Fort Tilden-Breezy Point Tip,63380.5467753,52637903.9736,677.0,19.333333333333332,0.0,81.0,12.333333333333334,8.666666666666666,36.333333333333336,17.0,144.33333333333334,135.0,36.0,11.666666666666666,19.333333333333332,0.0,81.0,12.333333333333336,8.666666666666666,36.333333333333336,17.0,144.33333333333334,135.0,36.0,11.666666666666666
Jamaica,41767.6656155,46830463.4565,3467.4594594594596,507.5945945945946,235.27027027027026,464.18918918918916,176.0,76.56756756756756,314.64864864864865,179.8108108108108,432.81081081081084,158.0810810810811,33.67567567567568,14.621621621621621,507.5945945945946,235.27027027027026,464.18918918918916,176.0,76.56756756756756,314.64864864864865,179.8108108108108,432.81081081081084,158.0810810810811,33.67567567567568,14.621621621621621
Jamaica Bay (East),148864.816272,69920670.4073,580.0,58.0,29.0,113.75,16.0,18.5,39.25,29.5,53.75,49.75,8.0,0.0,58.0,29.0,113.75,16.0,18.5,39.25,29.5,53.75,49.75,8.0,0.0
Jamaica Estates-Holliswood,32384.300050200003,39411596.0748,3099.809523809524,319.6666666666667,136.04761904761904,382.3333333333333,84.04761904761905,62.523809523809526,216.38095238095238,151.95238095238096,501.0952380952381,210.61904761904762,67.52380952380952,28.19047619047619,319.6666666666667,136.04761904761904,382.3333333333333,84.04761904761905,62.523809523809526,216.38095238095238,151.95238095238096,501.0952380952381,210.6190476190476,67.52380952380952,28.19047619047619
Jamaica Hills-Briarwood,29649.162944100004,27602417.6831,3769.8695652173915,564.3478260869565,250.3913043478261,386.1304347826087,153.30434782608697,96.43478260869566,301.2608695652174,212.34782608695653,578.7391304347826,230.7391304347826,52.65217391304348,21.608695652173914,564.3478260869565,250.3913043478261,386.1304347826087,153.30434782608697,96.43478260869566,301.2608695652174,212.34782608695653,578.7391304347826,230.7391304347826,52.65217391304348,21.608695652173914
John F. Kennedy International Airport,103582.253943,197189858.869,3160.0,308.3333333333333,139.0,672.0,88.5,101.83333333333333,357.0,125.33333333333333,307.6666666666667,151.66666666666666,14.333333333333334,4.666666666666667,308.3333333333333,139.0,672.0,88.5,101.83333333333333,357.0,125.33333333333333,307.6666666666667,151.66666666666666,14.333333333333334,4.666666666666667
Kensington,20316.7344947,17471228.5678,3688.722222222222,765.6111111111111,377.8888888888889,470.8333333333333,63.55555555555556,79.77777777777777,222.77777777777777,141.5,555.1111111111111,317.5,56.0,45.27777777777778,765.6111111111111,377.8888888888889,470.8333333333333,63.55555555555556,79.77777777777777,222.77777777777777,141.5,555.1111111111111,317.5,56.0,45.27777777777778
Kew Gardens,21653.2155934,20284898.865,2736.0476190476193,379.23809523809524,174.14285714285714,313.76190476190476,87.9047619047619,88.23809523809524,244.33333333333334,161.28571428571428,502.3809523809524,240.85714285714286,54.19047619047619,29.904761904761905,379.23809523809524,174.14285714285714,313.76190476190476,87.9047619047619,88.23809523809524,244.33333333333334,161.28571428571428,502.38095238095235,240.85714285714286,54.19047619047619,29.90476190476191
Kew Gardens Hills,28339.3049048,34306412.9191,3919.9444444444443,574.2222222222222,255.72222222222223,497.22222222222223,109.94444444444444,102.38888888888889,281.27777777777777,181.77777777777777,657.8333333333334,269.5,62.611111111111114,39.166666666666664,574.2222222222222,255.72222222222223,497.22222222222223,109.94444444444444,102.38888888888889,281.27777777777777,181.77777777777777,657.8333333333334,269.5,62.611111111111114,39.166666666666664
Kingsbridge Heights-Van Cortlandt Village,20452.786803700004,10966721.1851,5158.7692307692305,1250.7692307692307,501.38461538461536,725.9230769230769,167.0,140.92307692307693,421.46153846153845,223.3846153846154,451.46153846153845,235.15384615384616,74.38461538461539,28.307692307692307,1250.7692307692307,501.3846153846154,725.9230769230769,167.0,140.92307692307693,421.46153846153845,223.38461538461542,451.4615384615385,235.15384615384616,74.38461538461539,28.307692307692307
Kingsbridge-Marble Hill,19810.9644057,12312473.8953,4923.538461538462,914.7692307692307,380.15384615384613,634.7692307692307,137.07692307692307,148.46153846153845,415.0769230769231,196.84615384615384,628.3076923076923,346.46153846153845,120.84615384615384,65.92307692307692,914.7692307692307,380.15384615384613,634.7692307692307,137.07692307692307,148.46153846153845,415.0769230769231,196.84615384615384,628.3076923076923,346.46153846153845,120.84615384615384,65.92307692307692
Kissena Park,15362.4024507,11015411.5821,3234.8,479.8,232.2,565.0,55.4,62.0,185.6,182.2,462.4,197.0,59.6,32.0,479.8,232.20000000000002,565.0,55.4,62.0,185.6,182.19999999999996,462.4,197.00000000000003,59.6,32.0
LaGuardia Airport,40422.8383252,30591951.8932,3435.8333333333335,302.8333333333333,148.0,815.3333333333334,60.666666666666664,79.83333333333333,273.6666666666667,194.16666666666666,378.5,134.0,42.0,7.5,302.8333333333333,148.0,815.3333333333333,60.666666666666664,79.83333333333333,273.6666666666667,194.16666666666666,378.5,134.0,42.0,7.5
Laurelton,30011.281121700005,39840608.8574,2873.0,191.42857142857142,69.28571428571429,480.6666666666667,91.76190476190476,90.85714285714286,372.7142857142857,206.42857142857142,342.95238095238096,176.95238095238096,19.61904761904762,10.428571428571429,191.42857142857142,69.28571428571429,480.66666666666674,91.76190476190476,90.85714285714286,372.7142857142857,206.42857142857142,342.95238095238096,176.95238095238096,19.61904761904762,10.428571428571429
Lincoln Terrace Park,4568.61695824,1214617.20439,4859.166666666667,1254.1666666666667,473.5,878.6666666666666,159.5,153.0,476.8333333333333,245.66666666666666,420.8333333333333,135.33333333333334,26.333333333333332,21.666666666666668,1254.1666666666667,473.50000000000006,878.6666666666666,159.5,153.0,476.8333333333333,245.66666666666666,420.8333333333333,135.33333333333334,26.333333333333332,21.666666666666668
Long Island City-Hunters Point,37376.5879598,27595502.4746,3239.0,829.0,290.6666666666667,647.0,144.66666666666666,32.666666666666664,145.33333333333334,105.0,451.3333333333333,160.33333333333334,114.66666666666667,35.333333333333336,829.0,290.6666666666667,647.0,144.66666666666666,32.666666666666664,145.33333333333334,105.0,451.33333333333326,160.33333333333334,114.66666666666669,35.333333333333336
Longwood,21721.7556755,15385148.4557,4177.7,1447.05,637.55,613.8,150.25,99.25,330.25,170.65,263.85,70.45,7.2,1.3,1447.05,637.55,613.8,150.25,99.25,330.25,170.65,263.85,70.45,7.2,1.3
Lower East Side,19890.8854434,16473190.9115,4580.809523809524,1139.4285714285713,494.95238095238096,542.1428571428571,91.14285714285714,72.19047619047619,255.66666666666666,142.28571428571428,1046.047619047619,370.9047619047619,105.80952380952381,55.42857142857143,1139.4285714285713,494.95238095238096,542.1428571428571,91.14285714285714,72.19047619047619,255.66666666666666,142.28571428571428,1046.047619047619,370.9047619047619,105.80952380952381,55.42857142857143
Madison,26237.2574783,27379162.2434,2846.794117647059,353.0,153.47058823529412,368.97058823529414,119.70588235294117,63.76470588235294,172.7941176470588,155.1764705882353,477.7647058823529,258.8235294117647,57.85294117647059,32.64705882352941,353.0,153.47058823529412,368.9705882352941,119.70588235294117,63.76470588235294,172.7941176470588,155.1764705882353,477.76470588235287,258.8235294117647,57.852941176470594,32.64705882352941
Manhattanville-West Harlem,17357.2465699,10734804.8056,5440.166666666667,1287.1666666666667,510.25,629.0,132.66666666666666,87.0,409.6666666666667,191.75,878.0833333333334,528.75,130.0,122.33333333333333,1287.1666666666667,510.25000000000006,629.0,132.66666666666666,87.0,409.66666666666663,191.75,878.0833333333334,528.75,130.0,122.33333333333333
Mapleton-Midwood (West),27783.8768355,31356436.524400003,2810.3888888888887,600.0,283.72222222222223,414.5,37.22222222222222,64.05555555555556,147.02777777777777,119.22222222222223,340.05555555555554,167.19444444444446,39.916666666666664,16.75,600.0,283.72222222222223,414.49999999999994,37.22222222222222,64.05555555555556,147.02777777777777,119.22222222222221,340.05555555555554,167.19444444444446,39.916666666666664,16.75
Marine Park-Mill Basin-Bergen Beach,76296.3787283,58872206.5056,2215.5,142.6764705882353,62.5,344.2352941176471,83.73529411764706,58.05882352941177,187.2058823529412,126.1470588235294,353.3235294117647,182.94117647058823,42.088235294117645,18.147058823529413,142.6764705882353,62.5,344.2352941176471,83.73529411764706,58.05882352941177,187.2058823529412,126.1470588235294,353.3235294117647,182.94117647058823,42.088235294117645,18.147058823529413
Marine Park-Plumb Island,96948.21988599999,43276897.0904,1865.9166666666667,168.91666666666666,86.41666666666667,335.8333333333333,77.66666666666667,49.25,135.58333333333334,109.75,294.5,172.41666666666666,32.25,17.333333333333332,168.91666666666666,86.41666666666667,335.8333333333333,77.66666666666667,49.25,135.58333333333334,109.75,294.5,172.41666666666666,32.25,17.333333333333332
Mariner's Harbor-Arlington-Graniteville,71333.5623348,89389091.0034,4369.923076923077,649.6153846153846,292.15384615384613,679.7692307692307,213.92307692307693,168.3846153846154,345.9230769230769,185.92307692307693,544.0,234.6153846153846,29.23076923076923,15.23076923076923,649.6153846153846,292.15384615384613,679.7692307692307,213.92307692307693,168.3846153846154,345.9230769230769,185.92307692307693,544.0,234.6153846153846,29.23076923076923,15.23076923076923
Maspeth,53782.1063808,58317407.9791,2667.655172413793,243.44827586206895,111.93103448275862,589.8275862068965,52.724137931034484,91.17241379310344,177.44827586206895,163.0,365.7241379310345,141.10344827586206,24.586206896551722,11.448275862068966,243.44827586206895,111.93103448275862,589.8275862068965,52.724137931034484,91.17241379310344,177.44827586206895,163.0,365.7241379310345,141.10344827586206,24.58620689655172,11.448275862068966
McGuire Fields,24718.6596443,10589612.1331,5812.0,843.0,371.0,1063.0,167.0,196.0,528.0,345.0,850.0,525.0,60.0,36.0,843.0,371.0,1063.0,167.0,196.0,528.0,345.0,850.0,525.0,60.0,36.0
Melrose,19589.1956361,17271763.9632,4962.809523809524,1851.904761904762,808.5238095238095,682.047619047619,160.57142857142858,129.28571428571428,393.8095238095238,196.38095238095238,320.4761904761905,89.85714285714286,14.857142857142858,2.5714285714285716,1851.904761904762,808.5238095238095,682.047619047619,160.57142857142858,129.28571428571428,393.8095238095238,196.38095238095238,320.4761904761905,89.85714285714286,14.85714285714286,2.5714285714285716
Middle Village,35018.3939958,34943403.1145,2489.1724137931033,193.13793103448276,78.24137931034483,492.7241379310345,58.41379310344828,105.24137931034483,178.58620689655172,142.79310344827587,400.8965517241379,172.79310344827587,32.758620689655174,15.724137931034482,193.13793103448276,78.24137931034483,492.7241379310345,58.41379310344828,105.24137931034483,178.58620689655172,142.79310344827587,400.8965517241379,172.79310344827587,32.758620689655174,15.72413793103448
Middle Village Cemetery,10370.4612317,5511491.249010001,2168.4285714285716,169.57142857142858,62.57142857142857,412.85714285714283,47.142857142857146,128.42857142857142,142.14285714285714,115.57142857142857,288.0,127.14285714285714,17.142857142857142,13.857142857142858,169.57142857142858,62.57142857142857,412.85714285714283,47.142857142857146,128.42857142857142,142.14285714285714,115.57142857142857,288.0,127.14285714285714,17.142857142857142,13.857142857142858
Midtown South-Flatiron-Union Square,18800.7659695,14878105.1441,4684.5,415.38461538461536,188.46153846153845,188.0,51.5,48.19230769230769,187.19230769230768,106.96153846153847,1582.7307692307693,869.4615384615385,370.84615384615387,154.34615384615384,415.38461538461536,188.46153846153845,188.0,51.5,48.19230769230769,187.19230769230768,106.96153846153847,1582.7307692307693,869.4615384615385,370.84615384615387,154.34615384615384
Midtown-Times Square,21258.4013714,24552509.126,2747.78125,294.84375,131.40625,121.75,24.8125,44.0,122.03125,91.125,962.3125,559.8125,207.4375,83.90625,294.84375,131.40625,121.75,24.8125,44.0,122.03125,91.125,962.3125,559.8125,207.4375,83.90625
Midwood,25033.2774041,32217737.3955,2988.8709677419356,484.7741935483871,217.41935483870967,356.93548387096774,62.74193548387097,68.51612903225806,184.0,145.6451612903226,453.3225806451613,298.2258064516129,70.96774193548387,30.35483870967742,484.7741935483871,217.4193548387097,356.93548387096774,62.74193548387097,68.51612903225806,184.0,145.6451612903226,453.3225806451613,298.2258064516129,70.96774193548387,30.35483870967742
Miller Field,19197.2009732,10866804.1436,5200.0,468.5,193.5,974.0,147.0,230.5,460.5,193.0,649.0,387.0,63.0,5.0,468.5,193.5,974.0,147.0,230.5,460.5,193.0,649.0,387.0,63.0,5.0
Montefiore Cemetery,11843.0836062,5322022.89155,2110.222222222222,109.55555555555556,40.0,357.44444444444446,59.666666666666664,76.11111111111111,295.22222222222223,149.66666666666666,295.8888888888889,155.66666666666666,13.666666666666666,6.0,109.55555555555556,40.0,357.44444444444446,59.666666666666664,76.11111111111111,295.22222222222223,149.66666666666666,295.8888888888889,155.66666666666666,13.666666666666666,6.0
Morningside Heights,17757.8073339,15922766.5105,5170.5,997.4375,405.3125,450.0625,102.0625,49.6875,285.0,163.4375,854.6875,649.8125,190.375,238.0,997.4375,405.3125,450.0625,102.0625,49.6875,285.0,163.4375,854.6875,649.8125,190.375,238.0
Morris Park,24671.398076899997,27833108.8186,2904.4615384615386,485.5,209.6153846153846,465.3076923076923,97.34615384615384,97.15384615384616,255.30769230769232,159.07692307692307,341.46153846153845,165.23076923076923,40.34615384615385,35.57692307692308,485.5,209.6153846153846,465.3076923076923,97.34615384615384,97.15384615384616,255.30769230769232,159.07692307692307,341.46153846153845,165.23076923076923,40.34615384615385,35.57692307692308
Morrisania,21889.2147161,13811173.7627,4552.55,1667.8,725.65,612.55,160.25,106.8,371.4,194.9,291.2,77.75,17.4,4.55,1667.8,725.65,612.55,160.25,106.8,371.4,194.9,291.2,77.75,17.4,4.55
Mott Haven-Port Morris,29217.823011299995,40974654.6448,4432.444444444444,1799.4444444444443,784.3333333333334,649.6111111111111,127.16666666666667,112.38888888888889,332.0,149.94444444444446,239.66666666666666,77.33333333333333,6.0,4.333333333333333,1799.4444444444443,784.3333333333334,649.6111111111111,127.16666666666667,112.38888888888889,332.0,149.94444444444446,239.66666666666666,77.33333333333333,6.0,4.333333333333333
Mount Eden-Claremont (West),21548.5389296,13607266.0084,4535.103448275862,1650.8275862068965,713.5172413793103,638.2758620689655,147.41379310344828,113.89655172413794,371.7586206896552,182.17241379310346,275.1034482758621,73.55172413793103,17.620689655172413,4.172413793103448,1650.8275862068965,713.5172413793103,638.2758620689655,147.41379310344828,113.89655172413794,371.7586206896552,182.17241379310346,275.1034482758621,73.55172413793103,17.620689655172413,4.172413793103448
Mount Hebron & Cedar Grove Cemeteries,15876.2581121,9208958.14137,2679.0,282.25,150.0,428.0,38.25,76.25,195.5,144.5,495.5,163.25,42.25,28.0,282.25,150.0,428.0,38.25,76.25,195.5,144.5,495.5,163.25,42.25,28.0
Mount Hope,16278.243664000001,12684327.5421,4502.045454545455,1564.8181818181818,664.0454545454545,617.9545454545455,161.5,105.63636363636364,379.27272727272725,201.27272727272728,248.86363636363637,73.9090909090909,16.5,6.7727272727272725,1564.8181818181818,664.0454545454545,617.9545454545455,161.5,105.63636363636364,379.27272727272725,201.27272727272728,248.86363636363637,73.9090909090909,16.5,6.7727272727272725
Mount Olivet & All Faiths Cemeteries,19120.1861238,7642767.67572,2193.75,203.08333333333334,87.33333333333333,451.0833333333333,46.916666666666664,92.0,174.58333333333334,125.5,318.25,134.66666666666666,19.0,11.666666666666666,203.08333333333334,87.33333333333333,451.0833333333333,46.916666666666664,92.0,174.58333333333334,125.5,318.25,134.66666666666666,19.0,11.666666666666666
Murray Hill-Broadway Flushing,37469.2244064,56452698.9206,3509.2413793103447,451.13793103448273,175.20689655172413,693.2068965517242,59.37931034482759,88.93103448275862,273.2758620689655,262.82758620689657,453.1034482758621,199.86206896551724,42.62068965517241,21.17241379310345,451.13793103448273,175.20689655172413,693.2068965517242,59.37931034482759,88.93103448275862,273.2758620689655,262.82758620689657,453.10344827586215,199.8620689655172,42.62068965517241,21.17241379310345
Murray Hill-Kips Bay,23944.8002383,15771152.6765,5540.235294117647,485.1764705882353,241.8235294117647,248.41176470588235,37.64705882352941,69.58823529411765,246.64705882352942,96.41176470588235,1914.235294117647,904.6470588235294,477.6470588235294,165.52941176470588,485.1764705882353,241.82352941176467,248.41176470588235,37.64705882352941,69.58823529411765,246.64705882352942,96.41176470588235,1914.235294117647,904.6470588235294,477.6470588235294,165.52941176470588
New Dorp-Midland Beach,49753.4735771,62182629.3757,4002.4545454545455,388.09090909090907,141.45454545454547,840.6363636363636,138.54545454545453,166.63636363636363,346.3636363636364,189.54545454545453,509.09090909090907,299.3636363636364,71.18181818181819,23.454545454545453,388.09090909090907,141.45454545454547,840.6363636363636,138.54545454545453,166.63636363636363,346.3636363636364,189.54545454545453,509.09090909090907,299.3636363636364,71.18181818181819,23.454545454545453
New Springville-Willowbrook-Bulls Head-Travis,91568.30545920001,209443473.65300003,4560.071428571428,422.14285714285717,208.57142857142858,860.6428571428571,152.14285714285714,158.28571428571428,386.2857142857143,192.28571428571428,648.3571428571429,392.5,68.21428571428571,35.42857142857143,422.14285714285717,208.57142857142858,860.6428571428571,152.14285714285714,158.28571428571428,386.2857142857143,192.28571428571428,648.3571428571429,392.5,68.21428571428571,35.42857142857143
North Corona,15547.5813236,13961243.7702,3338.8,561.7,248.0,809.6,33.2,38.4,157.4,98.3,175.3,49.1,13.2,3.2,561.7,248.0,809.6000000000001,33.2,38.4,157.39999999999998,98.30000000000001,175.29999999999998,49.1,13.200000000000001,3.2
Norwood,22150.308664499997,15724928.6239,4733.571428571428,1129.5714285714287,468.7142857142857,761.0714285714286,146.07142857142858,119.0,406.7857142857143,184.5,410.57142857142856,202.78571428571428,48.0,19.785714285714285,1129.5714285714287,468.7142857142857,761.0714285714286,146.07142857142858,119.0,406.7857142857143,184.5,410.57142857142856,202.78571428571428,48.0,19.785714285714285
Oakland Gardens-Hollis Hills,33891.0996748,39634775.4019,3281.6923076923076,265.15384615384613,117.3076923076923,511.7692307692308,68.53846153846153,78.61538461538461,261.3076923076923,214.23076923076923,574.3846153846154,306.38461538461536,69.53846153846153,29.0,265.15384615384613,117.30769230769229,511.7692307692308,68.53846153846153,78.61538461538461,261.3076923076923,214.23076923076923,574.3846153846154,306.38461538461536,69.53846153846153,29.0
Oakwood-Richmondtown,44192.903218,55937303.1147,3799.3333333333335,292.6666666666667,115.08333333333333,775.4166666666666,142.41666666666666,172.25,303.9166666666667,199.0,529.0833333333334,334.25,67.25,21.25,292.6666666666667,115.08333333333333,775.4166666666666,142.41666666666666,172.25,303.9166666666667,199.0,529.0833333333334,334.25,67.25,21.25
Ocean Hill,22494.5815273,20089910.8185,3717.5172413793102,1177.1724137931035,487.7931034482759,740.2758620689655,128.31034482758622,106.37931034482759,265.0689655172414,202.41379310344828,351.3103448275862,124.55172413793103,20.06896551724138,15.241379310344827,1177.1724137931035,487.7931034482759,740.2758620689655,128.31034482758622,106.37931034482759,265.0689655172414,202.41379310344828,351.3103448275862,124.55172413793103,20.06896551724138,15.241379310344827
Old Astoria-Hallets Point,15402.9907928,11092345.0547,2884.8125,394.25,159.5,402.3125,32.8125,60.375,178.9375,127.1875,713.1875,346.5625,67.9375,53.8125,394.25,159.5,402.3125,32.8125,60.375,178.9375,127.1875,713.1875,346.5625,67.9375,53.8125
Ozone Park,25097.1962606,25107784.8345,3468.1052631578946,510.2631578947368,233.68421052631578,683.9473684210526,130.68421052631578,103.63157894736842,273.2631578947368,170.42105263157896,370.94736842105266,144.8421052631579,22.42105263157895,10.736842105263158,510.2631578947369,233.68421052631578,683.9473684210526,130.68421052631578,103.63157894736842,273.2631578947368,170.42105263157896,370.94736842105266,144.8421052631579,22.42105263157895,10.736842105263158
Ozone Park (North),24790.7567832,18087303.6296,2764.862068965517,369.86206896551727,170.44827586206895,503.51724137931035,98.82758620689656,68.48275862068965,198.17241379310346,128.93103448275863,293.1034482758621,85.55172413793103,13.413793103448276,8.172413793103448,369.86206896551727,170.44827586206895,503.5172413793103,98.82758620689654,68.48275862068965,198.1724137931035,128.93103448275863,293.1034482758621,85.55172413793103,13.413793103448276,8.172413793103448
Park Slope,23501.696633,25829299.245,3595.36,308.92,139.88,178.52,29.0,37.56,144.32,86.28,978.4,713.56,260.56,119.6,308.92,139.88,178.52,29.0,37.56,144.32,86.28,978.4,713.5599999999998,260.56,119.6
Parkchester,12411.821165799998,9184335.19283,4681.428571428572,1040.5,475.5,751.4285714285714,160.57142857142858,157.71428571428572,472.92857142857144,288.35714285714283,463.85714285714283,220.5,30.071428571428573,11.428571428571429,1040.5,475.50000000000006,751.4285714285714,160.57142857142858,157.71428571428572,472.9285714285715,288.35714285714283,463.8571428571428,220.5,30.071428571428573,11.428571428571429
Pelham Bay Park,111114.67902299999,99256120.3717,3269.8,300.0,126.2,623.7,110.5,135.8,258.6,188.5,385.8,222.9,32.4,33.0,300.0,126.2,623.7,110.5,135.8,258.6,188.5,385.8,222.9,32.4,33.0
Pelham Bay-Country Club-City Island,121141.290814,35309788.882,3334.7272727272725,359.8181818181818,159.0,623.5454545454545,103.81818181818181,133.0,309.6363636363636,209.8181818181818,421.3636363636364,219.72727272727272,25.545454545454547,29.454545454545453,359.8181818181818,159.0,623.5454545454545,103.81818181818181,133.0,309.6363636363636,209.8181818181818,421.36363636363643,219.72727272727272,25.545454545454547,29.454545454545453
Pelham Gardens,24343.0047644,30064822.785300005,2697.15,372.9,149.25,409.5,72.55,88.2,254.05,154.15,313.25,166.8,35.85,32.15,372.9,149.25,409.5,72.55,88.2,254.05,154.15,313.25,166.8,35.85,32.15
Pelham Parkway-Van Nest,22996.7596459,15587595.4574,3566.3333333333335,754.3333333333334,335.0833333333333,568.3333333333334,139.70833333333334,102.75,340.25,211.33333333333334,355.0833333333333,173.625,23.583333333333332,14.0,754.3333333333334,335.0833333333333,568.3333333333334,139.70833333333334,102.75,340.25,211.33333333333331,355.0833333333333,173.625,23.583333333333332,14.0
Pomonok-Electchester-Hillcrest,28608.0404677,36974156.5814,3593.681818181818,497.1363636363636,224.5909090909091,516.0909090909091,67.36363636363636,72.63636363636364,230.63636363636363,163.8181818181818,572.0,243.0909090909091,67.0,38.86363636363637,497.13636363636357,224.5909090909091,516.0909090909091,67.36363636363636,72.63636363636364,230.63636363636363,163.8181818181818,572.0,243.0909090909091,67.0,38.86363636363637
Port Richmond,39708.1579609,36236920.7251,3663.0714285714284,457.35714285714283,202.35714285714286,591.8571428571429,160.5,115.85714285714286,301.07142857142856,185.42857142857142,481.35714285714283,266.0,38.07142857142857,23.357142857142858,457.35714285714283,202.3571428571429,591.8571428571429,160.50000000000003,115.85714285714286,301.07142857142856,185.42857142857142,481.35714285714283,266.0,38.07142857142857,23.357142857142858
Prospect Heights,15044.360578300002,10313415.1254,3645.222222222222,396.6666666666667,187.88888888888889,270.3888888888889,52.333333333333336,55.05555555555556,211.27777777777777,128.27777777777777,979.8333333333334,662.9444444444445,191.77777777777777,86.27777777777777,396.66666666666663,187.88888888888889,270.3888888888889,52.333333333333336,55.05555555555556,211.27777777777777,128.27777777777777,979.8333333333334,662.9444444444445,191.77777777777777,86.27777777777777
Prospect Lefferts Gardens-Wingate,26320.6283939,24039163.2131,3801.5151515151515,653.7272727272727,301.3939393939394,694.2424242424242,117.54545454545455,85.78787878787878,419.1212121212121,154.54545454545453,563.1212121212121,265.1515151515151,55.333333333333336,26.484848484848484,653.7272727272727,301.3939393939393,694.2424242424242,117.54545454545455,85.7878787878788,419.1212121212121,154.54545454545453,563.1212121212121,265.1515151515151,55.333333333333336,26.484848484848484
Prospect Park,24199.0687367,27324219.1375,4255.4,433.06666666666666,193.8,369.26666666666665,61.13333333333333,46.2,293.0,122.2,935.2666666666667,721.2666666666667,231.73333333333332,115.86666666666666,433.06666666666666,193.8,369.26666666666665,61.13333333333333,46.2,293.0,122.2,935.2666666666667,721.2666666666667,231.73333333333332,115.86666666666666
Queens Village,37292.3976734,69655494.8296,2844.633333333333,219.53333333333333,101.76666666666667,439.76666666666665,148.93333333333334,83.66666666666667,304.96666666666664,182.3,366.2,160.83333333333334,20.966666666666665,15.366666666666667,219.5333333333333,101.76666666666667,439.76666666666665,148.93333333333334,83.66666666666667,304.96666666666664,182.3,366.2,160.83333333333334,20.966666666666665,15.366666666666667
Queensboro Hill,30839.7008945,26427737.9719,3776.823529411765,738.4705882352941,326.0,660.6470588235294,76.41176470588235,72.17647058823529,255.58823529411765,201.47058823529412,519.2352941176471,205.11764705882354,60.529411764705884,35.94117647058823,738.4705882352941,326.0,660.6470588235295,76.41176470588235,72.17647058823529,255.58823529411765,201.47058823529414,519.2352941176471,205.11764705882354,60.529411764705884,35.94117647058823
Queensbridge-Ravenswood-Dutch Kills,27093.7855365,27721577.755,2586.6470588235293,521.9411764705883,198.35294117647058,434.94117647058823,67.6470588235294,58.64705882352941,152.94117647058823,119.29411764705883,473.1764705882353,195.0,42.470588235294116,22.235294117647058,521.9411764705883,198.35294117647058,434.94117647058823,67.6470588235294,58.64705882352941,152.94117647058823,119.29411764705881,473.1764705882353,195.0,42.470588235294116,22.235294117647058
Randall's Island,24946.2385525,23466537.4851,2905.5,1422.0,869.0,453.0,208.0,72.5,294.5,101.5,149.0,30.0,15.5,5.0,1422.0,869.0,453.0,208.0,72.5,294.5,101.5,149.0,30.0,15.5,5.0
Rego Park,26496.2223166,20193352.2012,4227.24,577.08,237.72,642.36,71.12,140.16,298.92,277.0,838.12,384.16,97.4,55.28,577.08,237.72,642.36,71.12,140.16,298.92,277.0,838.12,384.16,97.4,55.28
Richmond Hill,26207.751076,30269745.8427,2700.5333333333333,405.26666666666665,196.33333333333334,405.9,87.33333333333333,75.4,232.1,135.4,350.93333333333334,126.66666666666667,22.733333333333334,10.766666666666667,405.26666666666665,196.33333333333334,405.9,87.33333333333333,75.4,232.1,135.4,350.93333333333334,126.66666666666667,22.733333333333334,10.766666666666667
Ridgewood,33459.2834981,42551183.4528,3468.2571428571428,527.4571428571429,234.4857142857143,592.4571428571429,86.91428571428571,162.45714285714286,215.45714285714286,169.05714285714285,477.0571428571429,182.28571428571428,17.2,12.0,527.4571428571429,234.4857142857143,592.4571428571429,86.9142857142857,162.45714285714286,215.45714285714286,169.05714285714288,477.0571428571429,182.28571428571428,17.2,12.0
Rikers Island,18897.4876268,18163734.6669,6864.0,0.0,0.0,1276.0,674.0,217.0,307.0,81.0,72.0,9.0,0.0,0.0,0.0,0.0,1276.0,674.0,217.0,307.0,81.0,72.0,9.0,0.0,0.0
Riverdale-Spuyten Duyvil,37646.5885349,62983243.62670001,3569.6111111111113,405.6111111111111,160.22222222222223,367.55555555555554,61.22222222222222,105.88888888888889,273.1111111111111,113.61111111111111,610.6111111111111,460.3333333333333,162.05555555555554,106.11111111111111,405.6111111111111,160.22222222222223,367.5555555555555,61.22222222222222,105.88888888888889,273.1111111111111,113.61111111111113,610.6111111111111,460.3333333333333,162.05555555555554,106.11111111111111
Rockaway Beach-Arverne-Edgemere,67119.9688284,50502112.9048,4840.888888888889,939.8888888888889,445.6666666666667,800.7777777777778,143.11111111111111,132.11111111111111,509.6666666666667,300.6666666666667,494.55555555555554,242.55555555555554,39.888888888888886,14.777777777777779,939.8888888888888,445.6666666666667,800.7777777777778,143.11111111111111,132.11111111111111,509.6666666666667,300.6666666666667,494.55555555555554,242.55555555555554,39.888888888888886,14.777777777777779
Rosebank-Shore Acres-Park Hill,35208.1936366,35251372.5718,3152.3636363636365,568.9090909090909,255.9090909090909,487.72727272727275,113.9090909090909,96.0909090909091,226.36363636363637,163.0,443.54545454545456,220.0909090909091,57.27272727272727,14.636363636363637,568.9090909090909,255.9090909090909,487.72727272727275,113.9090909090909,96.09090909090908,226.36363636363637,163.0,443.5454545454546,220.09090909090912,57.27272727272727,14.636363636363637
Rosedale,55266.029183599996,47235424.4955,2718.923076923077,188.0,85.61538461538461,468.84615384615387,89.76923076923077,79.0,362.0769230769231,170.0,338.0769230769231,173.6153846153846,23.384615384615383,16.46153846153846,188.0,85.61538461538461,468.8461538461539,89.76923076923077,79.0,362.0769230769231,170.0,338.0769230769231,173.6153846153846,23.384615384615383,16.46153846153846
Sheepshead Bay-Manhattan Beach-Gerritsen Beach,91280.1048494,63370522.47229999,3180.470588235294,449.47058823529414,200.97058823529412,451.9117647058824,125.76470588235294,67.32352941176471,189.35294117647058,183.58823529411765,591.3823529411765,292.55882352941177,57.911764705882355,34.1764705882353,449.47058823529414,200.97058823529412,451.9117647058824,125.76470588235294,67.32352941176471,189.3529411764706,183.58823529411765,591.3823529411765,292.55882352941177,57.911764705882355,34.1764705882353
Shirley Chisholm State Park,26521.9177435,18284900.8637,6337.333333333333,1533.3333333333333,549.3333333333334,1104.6666666666667,544.3333333333334,167.66666666666666,492.3333333333333,387.0,560.0,309.6666666666667,98.33333333333333,27.333333333333332,1533.3333333333333,549.3333333333334,1104.6666666666667,544.3333333333334,167.66666666666666,492.3333333333333,387.0,560.0,309.6666666666667,98.33333333333333,27.333333333333332
Snug Harbor,9028.40280198,3768355.05234,3390.5,484.5,186.0,590.5,54.5,121.5,354.5,133.5,549.0,263.0,147.0,12.5,484.5,186.0,590.5,54.5,121.5,354.5,133.5,549.0,263.0,147.0,12.5
SoHo-Little Italy-Hudson Square,18577.1117366,12916760.8595,4337.444444444444,499.55555555555554,250.94444444444446,262.77777777777777,47.05555555555556,51.0,168.05555555555554,96.61111111111111,1337.611111111111,627.2222222222222,203.22222222222223,132.55555555555554,499.5555555555555,250.94444444444443,262.77777777777777,47.05555555555556,51.0,168.05555555555554,96.61111111111111,1337.611111111111,627.2222222222222,203.22222222222223,132.55555555555554
Soundview Park,18348.8724207,7798457.7451,3620.714285714286,1120.7142857142858,495.42857142857144,474.7142857142857,133.14285714285714,110.71428571428571,395.57142857142856,157.42857142857142,310.57142857142856,122.57142857142857,10.571428571428571,7.285714285714286,1120.7142857142858,495.42857142857144,474.7142857142857,133.14285714285714,110.71428571428571,395.57142857142856,157.42857142857142,310.57142857142856,122.57142857142857,10.571428571428571,7.2857142857142865
Soundview-Bruckner-Bronx River,26836.6197362,32208011.1061,4277.384615384615,1271.7307692307693,565.8076923076923,599.3076923076923,146.84615384615384,113.6923076923077,391.2692307692308,220.92307692307693,317.84615384615387,103.57692307692308,10.23076923076923,4.230769230769231,1271.7307692307693,565.8076923076923,599.3076923076923,146.84615384615384,113.6923076923077,391.2692307692308,220.92307692307693,317.84615384615387,103.57692307692308,10.23076923076923,4.230769230769231
Soundview-Clason Point,40474.1737105,30319584.713299997,3666.153846153846,895.8461538461538,384.7692307692308,488.0,110.76923076923077,136.07692307692307,368.3076923076923,243.53846153846155,305.53846153846155,121.92307692307692,14.307692307692308,13.461538461538462,895.8461538461538,384.7692307692308,488.0,110.76923076923077,136.07692307692307,368.3076923076923,243.53846153846155,305.53846153846155,121.92307692307692,14.307692307692308,13.461538461538462
South Jamaica,33185.0982446,37862543.2305,2319.1666666666665,284.26666666666665,129.36666666666667,360.8,152.83333333333334,50.53333333333333,238.16666666666666,115.16666666666667,232.23333333333332,73.13333333333334,8.866666666666667,4.933333333333334,284.26666666666665,129.36666666666667,360.8,152.83333333333334,50.53333333333333,238.16666666666666,115.16666666666667,232.23333333333332,73.13333333333334,8.866666666666667,4.933333333333334
South Ozone Park,36690.0780316,81836523.9677,2983.425531914894,323.8510638297872,150.25531914893617,531.1276595744681,145.95744680851064,75.80851063829788,265.97872340425533,134.3404255319149,318.468085106383,105.91489361702128,14.808510638297872,5.191489361702128,323.8510638297872,150.25531914893617,531.1276595744681,145.95744680851064,75.80851063829788,265.97872340425533,134.3404255319149,318.468085106383,105.91489361702126,14.808510638297873,5.191489361702128
South Richmond Hill,21161.5689959,15849139.7495,2785.9583333333335,353.625,170.83333333333334,465.1666666666667,143.91666666666666,64.29166666666667,189.91666666666666,107.375,289.6666666666667,95.625,15.791666666666666,3.8333333333333335,353.625,170.83333333333334,465.1666666666667,143.91666666666666,64.29166666666667,189.91666666666666,107.375,289.6666666666667,95.625,15.791666666666668,3.8333333333333335
South Williamsburg,18250.2802623,15208960.6551,4236.6,1617.25,761.9,605.15,68.1,67.5,222.85,79.55,388.9,133.15,27.35,6.2,1617.25,761.9,605.15,68.1,67.5,222.85,79.55,388.9,133.15,27.35,6.2
Spring Creek Park,28395.9712007,11848150.5698,6459.0,1439.0,594.0,1079.0,272.0,124.0,525.0,474.0,472.0,484.0,197.0,0.0,1439.0,594.0,1079.0,272.0,124.0,525.0,474.0,472.0,484.0,197.0,0.0
Spring Creek-Starrett City,32929.6812677,27086261.2578,5106.625,1285.875,463.625,998.75,362.25,133.25,376.0,303.125,417.875,234.5,50.5,15.5,1285.875,463.625,998.75,362.25,133.25,376.0,303.125,417.875,234.5,50.5,15.5
Springfield Gardens (North)-Rochdale Village,27779.4049517,34464287.6488,3495.714285714286,338.7142857142857,145.5,598.7857142857143,128.5,111.92857142857143,423.5,244.92857142857142,338.57142857142856,150.85714285714286,18.642857142857142,4.714285714285714,338.7142857142858,145.5,598.7857142857143,128.5,111.92857142857143,423.5,244.92857142857142,338.57142857142856,150.85714285714286,18.642857142857142,4.714285714285714
Springfield Gardens (South)-Brookville,46029.1389596,57436523.9017,3483.125,306.8125,134.75,584.375,134.625,102.5625,429.375,213.25,376.9375,161.1875,17.3125,10.875,306.8125,134.75,584.375,134.625,102.5625,429.375,213.25,376.9375,161.1875,17.3125,10.875
St. Albans,41392.537704,74276850.0334,2402.8297872340427,231.0212765957447,99.87234042553192,424.74468085106383,104.53191489361703,69.72340425531915,299.8723404255319,153.3404255319149,253.36170212765958,117.40425531914893,14.936170212765957,9.170212765957446,231.0212765957447,99.87234042553192,424.74468085106383,104.53191489361703,69.72340425531915,299.8723404255319,153.3404255319149,253.36170212765958,117.40425531914893,14.936170212765955,9.170212765957446
St. George-New Brighton,31943.5251373,26507820.5274,2993.5,654.6,280.3,420.1,84.5,102.2,243.9,108.3,409.3,248.8,73.9,14.3,654.6,280.3,420.1,84.5,102.2,243.9,108.3,409.3,248.8,73.9,14.3
St. John Cemetery,11694.1566971,8754117.38484,2615.25,189.125,77.625,463.375,58.625,139.0,196.125,137.25,445.25,189.25,43.375,28.75,189.125,77.625,463.375,58.625,139.0,196.125,137.25,445.25,189.25,43.375,28.75
St. Michael's Cemetery,8656.46287824,4388717.1744,2365.6666666666665,172.83333333333334,97.0,491.6666666666667,35.5,51.833333333333336,193.5,103.33333333333333,388.6666666666667,159.16666666666666,47.333333333333336,13.666666666666666,172.83333333333334,97.0,491.66666666666674,35.5,51.833333333333336,193.5,103.33333333333333,388.6666666666667,159.16666666666666,47.333333333333336,13.666666666666666
Stuyvesant Town-Peter Cooper Village,11061.8194696,5575563.16439,6684.333333333333,1127.0,519.6666666666666,380.8888888888889,72.44444444444444,128.22222222222223,317.77777777777777,180.88888888888889,1981.6666666666667,917.5555555555555,463.3333333333333,163.77777777777777,1127.0,519.6666666666666,380.8888888888889,72.44444444444444,128.22222222222223,317.77777777777777,180.8888888888889,1981.6666666666667,917.5555555555555,463.3333333333333,163.77777777777777
Sunnyside,34952.1548019,47701716.7875,3136.8,294.8,126.86666666666666,537.7333333333333,55.733333333333334,71.86666666666666,198.4,194.2,689.0666666666667,289.06666666666666,63.06666666666667,25.8,294.8,126.86666666666666,537.7333333333333,55.733333333333334,71.86666666666666,198.40000000000003,194.20000000000002,689.0666666666667,289.06666666666666,63.06666666666667,25.8
Sunnyside Yards (North),16111.6112853,4500281.95583,2220.625,314.125,129.0,457.0,47.375,48.125,132.75,99.875,426.0,165.125,31.125,15.25,314.125,129.0,457.0,47.375,48.125,132.75,99.875,426.0,165.125,31.125,15.25
Sunnyside Yards (South),22732.9054395,8783519.3508,4015.8,343.0,150.4,623.6,48.6,97.4,237.6,266.2,978.4,457.4,99.2,46.4,343.0,150.4,623.6,48.6,97.4,237.6,266.2,978.4,457.4,99.2,46.4
Sunset Park (Central),24014.323598,18754283.612,3554.681818181818,908.1363636363636,405.3181818181818,449.72727272727275,70.68181818181819,46.22727272727273,136.77272727272728,95.22727272727273,325.77272727272725,141.0,32.27272727272727,13.409090909090908,908.1363636363636,405.31818181818187,449.72727272727275,70.68181818181819,46.22727272727273,136.77272727272728,95.22727272727273,325.77272727272725,141.0,32.27272727272727,13.409090909090908
Sunset Park (East)-Borough Park (West),15982.4795797,11749149.076299999,3421.846153846154,1167.3076923076924,580.0769230769231,526.6923076923077,62.23076923076923,36.53846153846154,126.92307692307692,66.6923076923077,217.76923076923077,96.0,35.84615384615385,10.153846153846153,1167.3076923076924,580.0769230769231,526.6923076923077,62.23076923076923,36.53846153846154,126.92307692307692,66.6923076923077,217.76923076923077,96.0,35.84615384615385,10.153846153846153
Sunset Park (West),79869.4679702,50378926.2235,3493.4137931034484,758.0344827586207,330.6896551724138,414.37931034482756,67.58620689655173,51.96551724137931,163.58620689655172,99.13793103448276,479.55172413793105,236.89655172413794,59.172413793103445,26.24137931034483,758.0344827586206,330.6896551724138,414.37931034482756,67.58620689655173,51.96551724137931,163.58620689655172,99.13793103448275,479.55172413793105,236.89655172413794,59.172413793103445,26.24137931034483
The Battery-Governors Island-Ellis Island-Liberty Island,48948.7095579,11991312.6869,2782.25,128.5,49.875,57.0,10.25,27.375,88.625,38.5,893.5,575.75,333.125,76.5,128.5,49.875,57.0,10.25,27.375,88.625,38.5,893.5,575.75,333.125,76.5
The Evergreens Cemetery,10950.2090969,5585573.16906,1926.142857142857,523.5714285714286,211.85714285714286,368.85714285714283,78.42857142857143,55.142857142857146,160.71428571428572,108.85714285714286,227.71428571428572,104.57142857142857,15.714285714285714,6.142857142857143,523.5714285714286,211.85714285714286,368.8571428571428,78.42857142857143,55.142857142857146,160.71428571428572,108.85714285714285,227.71428571428572,104.57142857142857,15.714285714285714,6.142857142857143
Throgs Neck-Schuylerville,86661.1880036,66476945.109,3007.521739130435,415.8695652173913,167.34782608695653,494.7391304347826,118.43478260869566,105.73913043478261,285.04347826086956,195.43478260869566,321.17391304347825,185.1304347826087,23.565217391304348,18.347826086956523,415.86956521739125,167.34782608695653,494.7391304347827,118.43478260869566,105.73913043478261,285.04347826086956,195.43478260869566,321.17391304347825,185.1304347826087,23.565217391304348,18.347826086956523
Todt Hill-Emerson Hill-Lighthouse Hill-Manor Heights,71381.2178861,186310664.447,4015.36,407.44,178.68,788.24,119.64,157.48,325.08,195.44,584.04,342.6,83.28,34.04,407.44,178.68,788.24,119.64,157.48,325.08,195.44,584.04,342.6,83.28,34.04
Tompkinsville-Stapleton-Clifton-Fox Hills,31620.2545348,24241445.8731,3246.0,643.8333333333334,299.75,500.9166666666667,99.08333333333333,113.08333333333333,233.25,155.08333333333334,433.8333333333333,223.91666666666666,63.583333333333336,20.916666666666668,643.8333333333334,299.75,500.9166666666667,99.08333333333333,113.08333333333333,233.25,155.08333333333334,433.8333333333333,223.91666666666666,63.583333333333336,20.916666666666668
Tottenville-Charleston,82939.2641193,126774044.212,5775.75,259.0,82.5,988.25,108.5,223.75,560.25,351.0,910.0,408.0,100.0,31.5,259.0,82.5,988.25,108.5,223.75,560.25,351.0,910.0,408.0,100.0,31.5
Tremont,18324.1149353,15826653.8686,3711.3809523809523,1473.3809523809523,641.6666666666666,461.0952380952381,126.95238095238095,95.33333333333333,310.85714285714283,130.85714285714286,215.14285714285714,46.38095238095238,12.523809523809524,10.238095238095237,1473.3809523809523,641.6666666666665,461.09523809523813,126.95238095238096,95.33333333333333,310.85714285714283,130.85714285714286,215.14285714285714,46.38095238095238,12.523809523809524,10.238095238095237
Tribeca-Civic Center,21222.4732506,13577224.5172,4609.461538461538,467.6923076923077,202.46153846153845,237.76923076923077,41.07692307692308,45.23076923076923,168.30769230769232,99.46153846153847,1350.3076923076924,707.1538461538462,274.2307692307692,67.46153846153847,467.6923076923077,202.46153846153845,237.76923076923077,41.07692307692308,45.23076923076923,168.30769230769232,99.46153846153847,1350.3076923076924,707.1538461538462,274.2307692307692,67.46153846153847
United Nations,5307.3913722,1091250.04725,4472.8,247.0,91.2,129.6,19.2,90.0,122.8,60.4,1791.6,774.4,388.6,188.0,247.0,91.2,129.6,19.2,90.0,122.79999999999998,60.4,1791.6,774.4,388.6,188.0
University Heights (North)-Fordham,27360.619793,18313195.0913,4994.592592592592,1523.5925925925926,655.5925925925926,739.074074074074,144.33333333333334,119.07407407407408,409.3703703703704,199.62962962962962,325.5925925925926,109.81481481481481,27.0,6.333333333333333,1523.5925925925926,655.5925925925926,739.074074074074,144.33333333333334,119.07407407407408,409.3703703703704,199.62962962962962,325.5925925925926,109.81481481481481,27.000000000000004,6.333333333333333
University Heights (South)-Morris Heights,21833.819081,19642543.0089,4617.24,1637.64,686.72,639.2,153.28,121.12,383.64,195.56,288.96,82.32,9.88,6.56,1637.64,686.72,639.2,153.28,121.12000000000002,383.64,195.56,288.96,82.32,9.88,6.56
Upper East Side-Carnegie Hill,23778.4105854,20065363.9643,4435.142857142857,264.67857142857144,85.25,195.21428571428572,25.642857142857142,64.46428571428571,175.14285714285714,91.82142857142857,1366.8214285714287,927.6071428571429,477.2142857142857,191.14285714285714,264.67857142857144,85.25,195.21428571428572,25.642857142857142,64.46428571428571,175.14285714285714,91.82142857142857,1366.8214285714287,927.6071428571429,477.2142857142857,191.14285714285714
Upper East Side-Lenox Hill-Roosevelt Island,38425.3835836,21500956.434799995,6278.2,451.8666666666667,148.6,405.26666666666665,29.2,99.4,269.6,125.53333333333333,1858.9333333333334,1209.6,645.4666666666667,247.13333333333333,451.8666666666667,148.6,405.26666666666665,29.200000000000003,99.40000000000002,269.6,125.53333333333333,1858.9333333333334,1209.6,645.4666666666667,247.13333333333333
Upper East Side-Yorkville,18075.2399921,13645033.6431,6533.533333333334,576.6,196.0,365.6,57.86666666666667,107.93333333333334,230.26666666666668,204.66666666666666,1897.6666666666667,1248.8,605.8666666666667,234.0,576.6,196.0,365.6,57.866666666666674,107.93333333333334,230.26666666666668,204.66666666666666,1897.6666666666667,1248.8,605.8666666666667,234.0
Upper West Side (Central),24906.0092231,25410667.6755,7524.529411764706,579.0588235294117,243.23529411764707,314.2352941176471,68.6470588235294,94.05882352941177,317.52941176470586,136.47058823529412,2124.235294117647,1678.235294117647,789.8823529411765,335.3529411764706,579.0588235294117,243.23529411764707,314.2352941176471,68.6470588235294,94.05882352941177,317.5294117647058,136.47058823529412,2124.235294117647,1678.235294117647,789.8823529411765,335.3529411764706
Upper West Side-Lincoln Square,19952.420525,15797448.7172,6379.1,482.4,245.7,247.1,41.7,83.9,288.8,167.5,1812.4,1534.4,709.4,285.9,482.4,245.70000000000002,247.1,41.7,83.9,288.8,167.5,1812.4,1534.4,709.4,285.9
Upper West Side-Manhattan Valley,14867.872740399998,13200449.8308,6871.923076923077,1054.3846153846155,440.6923076923077,468.84615384615387,143.23076923076923,129.3846153846154,353.0,176.53846153846155,1499.923076923077,1149.7692307692307,417.9230769230769,325.0,1054.3846153846155,440.6923076923077,468.84615384615387,143.23076923076923,129.3846153846154,352.99999999999994,176.53846153846155,1499.923076923077,1149.7692307692307,417.9230769230769,325.0
Van Cortlandt Park,32859.7596476,50659356.98049999,3428.181818181818,542.3636363636364,231.0,411.90909090909093,103.0,126.45454545454545,266.1818181818182,129.36363636363637,488.09090909090907,296.45454545454544,108.9090909090909,50.63636363636363,542.3636363636364,231.0,411.90909090909093,103.0,126.45454545454547,266.1818181818182,129.36363636363637,488.09090909090907,296.45454545454544,108.90909090909092,50.63636363636363
Wakefield-Woodlawn,39101.72647,39646811.8654,3452.0,581.8095238095239,221.0,554.047619047619,134.33333333333334,108.23809523809524,286.4761904761905,211.0952380952381,393.57142857142856,170.85714285714286,21.571428571428573,10.238095238095237,581.8095238095239,221.0,554.047619047619,134.33333333333334,108.23809523809524,286.4761904761905,211.0952380952381,393.57142857142856,170.85714285714286,21.571428571428573,10.238095238095237
Washington Heights (North),26731.5961321,24773510.5425,6627.65,1275.05,517.75,703.7,179.4,146.05,495.0,261.4,1074.7,512.95,106.5,105.05,1275.0499999999997,517.75,703.7,179.4,146.05,495.0,261.4,1074.7,512.95,106.5,105.05
Washington Heights (South),22198.4101955,21026875.5444,7041.833333333333,1429.888888888889,625.7777777777778,789.8888888888889,215.5,153.44444444444446,575.5,269.55555555555554,1048.888888888889,464.5,102.77777777777777,104.55555555555556,1429.888888888889,625.7777777777778,789.8888888888889,215.5,153.44444444444446,575.5,269.55555555555554,1048.888888888889,464.5,102.77777777777779,104.55555555555556
West Farms,21994.1099654,11701999.6844,3872.6111111111113,1419.6666666666667,601.7777777777778,498.8333333333333,144.77777777777777,85.72222222222223,327.1666666666667,149.27777777777777,246.66666666666666,55.94444444444444,13.777777777777779,8.722222222222221,1419.6666666666667,601.7777777777778,498.8333333333333,144.77777777777777,85.72222222222223,327.1666666666667,149.27777777777777,246.66666666666666,55.94444444444444,13.777777777777779,8.722222222222221
West New Brighton-Silver Lake-Grymes Hill,55176.362875000006,85360024.5582,3173.7,585.75,254.55,453.0,113.1,109.85,240.45,154.7,387.15,249.35,72.25,27.85,585.75,254.55,453.0,113.1,109.85,240.45,154.7,387.15,249.35,72.25,27.85
West Village,21502.3123342,14292674.549899999,4964.2307692307695,367.6923076923077,172.30769230769232,214.23076923076923,38.76923076923077,59.46153846153846,204.15384615384616,106.84615384615384,1797.923076923077,1055.7692307692307,395.15384615384613,179.53846153846155,367.6923076923077,172.30769230769232,214.2307692307692,38.76923076923077,59.46153846153846,204.15384615384616,106.84615384615384,1797.923076923077,1055.7692307692307,395.15384615384613,179.53846153846155
Westchester Square,23750.9916594,15373585.5197,3433.1176470588234,716.7058823529412,333.11764705882354,538.0,114.41176470588235,97.94117647058823,322.05882352941177,181.76470588235293,332.8235294117647,144.52941176470588,25.88235294117647,27.764705882352942,716.7058823529412,333.11764705882354,538.0,114.41176470588235,97.94117647058823,322.05882352941177,181.76470588235293,332.8235294117647,144.52941176470588,25.88235294117647,27.764705882352942
Westerleigh-Castleton Corners,42608.1035929,76529172.3276,3901.4,381.8,172.7,643.3,135.6,143.95,323.4,189.25,546.4,307.1,61.2,24.95,381.8,172.70000000000002,643.3000000000001,135.6,143.94999999999996,323.4,189.25,546.4,307.1,61.2,24.95
Whitestone-Beechhurst,44452.516921999995,52637756.4334,4139.076923076923,228.92307692307693,87.92307692307692,678.5384615384615,81.0,123.6923076923077,344.46153846153845,254.23076923076923,702.9230769230769,315.84615384615387,83.46153846153847,35.07692307692308,228.92307692307693,87.92307692307692,678.5384615384615,81.0,123.6923076923077,344.46153846153845,254.23076923076923,702.9230769230769,315.84615384615387,83.46153846153847,35.07692307692308
Williamsbridge-Olinville,29370.8202953,36242274.381,3522.6451612903224,749.3225806451613,305.2258064516129,584.0,125.74193548387096,95.29032258064517,317.48387096774195,173.4516129032258,313.80645161290323,133.06451612903226,15.870967741935484,10.451612903225806,749.3225806451613,305.2258064516129,584.0,125.74193548387096,95.29032258064515,317.48387096774195,173.4516129032258,313.80645161290323,133.06451612903226,15.870967741935484,10.451612903225806
Williamsburg,28158.316196799995,28862142.327999998,4299.5,784.8333333333334,344.625,395.75,70.54166666666667,97.04166666666667,230.58333333333334,100.625,1204.875,504.625,153.83333333333334,45.333333333333336,784.8333333333334,344.625,395.75,70.54166666666667,97.04166666666667,230.58333333333334,100.625,1204.875,504.625,153.83333333333334,45.333333333333336
Windsor Terrace-South Slope,21234.3003046,15312045.7153,3132.3333333333335,276.0833333333333,110.0,259.0,36.416666666666664,42.416666666666664,166.25,99.75,718.0,524.0,142.66666666666666,73.16666666666667,276.0833333333333,110.0,259.0,36.416666666666664,42.41666666666666,166.25,99.75,718.0,524.0,142.66666666666666,73.16666666666667
Woodhaven,21956.4209131,23727497.0795,2819.7619047619046,365.04761904761904,161.0,537.0,78.0,69.71428571428571,214.33333333333334,140.0952380952381,314.14285714285717,90.71428571428571,19.571428571428573,8.476190476190476,365.04761904761904,161.0,537.0,78.0,69.71428571428571,214.33333333333334,140.0952380952381,314.14285714285717,90.71428571428571,19.571428571428573,8.476190476190476
Woodlawn Cemetery,18168.5906674,17886378.6263,1753.0,143.0,52.0,327.0,61.0,92.33333333333333,125.66666666666667,86.0,337.3333333333333,154.66666666666666,44.333333333333336,23.333333333333332,143.0,52.0,327.0,61.0,92.33333333333333,125.66666666666667,86.0,337.3333333333333,154.66666666666666,44.333333333333336,23.333333333333332
Woodside,31737.8884278,32949474.9683,3585.4615384615386,358.96153846153845,156.30769230769232,809.2307692307693,60.84615384615385,76.11538461538461,203.1153846153846,202.80769230769232,560.6538461538462,205.69230769230768,43.84615384615385,16.153846153846153,358.96153846153845,156.30769230769232,809.2307692307693,60.84615384615385,76.11538461538461,203.1153846153846,202.80769230769232,560.6538461538462,205.69230769230768,43.84615384615385,16.153846153846153
Yankee Stadium-Macombs Dam Park,9673.8535455,2808903.02686,7503.8,2734.6,1174.8,1074.4,269.8,143.4,568.0,348.2,511.4,101.8,39.6,12.0,2734.6,1174.8,1074.4,269.8,143.4,568.0,348.2,511.4,101.8,39.6,12.0
